experiment,model,layer,domain,all_delta_auc,all_meta_mj_auc,all_truth_gt_auc,cb_cluster_n_boot_valid,cb_delta_auc,cb_delta_auc_ci_high,cb_delta_auc_ci_low,cb_delta_auc_p_le_zero,cb_meta_mj_auc,cb_meta_mj_auc_ci_high,cb_meta_mj_auc_ci_low,cb_question_clusters,cb_sample_size,cb_truth_gt_auc,cb_truth_gt_auc_ci_high,cb_truth_gt_auc_ci_low,fold_empty_quadrants,n_splits,question_clusters,sample_size,seed
Exp2A_GroupKFold,qwen25_7b,0,math,-0.008394297490774916,0.5533718844372033,0.5617661819279782,1000,-0.017171528297182714,0.011343804065972801,-0.045617457006358456,0.871,0.5870037951189784,0.6338600783650777,0.5428029436486219,1824,1887,0.6041753234161611,0.6460870416865564,0.5631671313245681,,5,2307,4614,1245232011
Exp2A_GroupKFold,qwen25_7b,1,math,-0.009021161158697,0.5673389452549639,0.5763601064136609,1000,-0.007406714867447817,0.023810002161925994,-0.036424253609324324,0.671,0.5988912435247514,0.6446295648913912,0.5563738691112752,1824,1887,0.6062979583921992,0.653508301991101,0.5635709835883742,,5,2307,4614,1981595389
Exp2A_GroupKFold,qwen25_7b,2,math,-0.06955347884529395,0.658590957839273,0.728144436684567,1000,-0.011537715726197328,0.03875713566455637,-0.06758506543771828,0.677,0.5795416770547661,0.6239738554763667,0.5326562679060095,1824,1887,0.5910793927809634,0.633332183060375,0.5513536096809993,,5,2307,4614,405548338
Exp2A_GroupKFold,qwen25_7b,3,math,-0.0724545219189725,0.6813160175653695,0.753770539484342,1000,-0.01343181251558212,0.04878096997949645,-0.07938575327001861,0.659,0.56254674644727,0.6067281746766635,0.5170808748756932,1824,1887,0.5759785589628521,0.6189348857573947,0.5331469501073901,,5,2307,4614,391246539
Exp2A_GroupKFold,qwen25_7b,4,math,-0.0692079888562549,0.6888801802617252,0.75808816911798,1000,-0.002385800160669249,0.058539769180521645,-0.06354933007014668,0.507,0.5721592010859027,0.6166356615113677,0.5250252825150997,1824,1887,0.5745450012465719,0.614708762166556,0.5348860213651293,,5,2307,4614,4144179759
Exp2A_GroupKFold,qwen25_7b,5,math,-0.053856014996771395,0.7121558720832957,0.7660118870800671,1000,-0.01094559406077722,0.05898333756319816,-0.08871245350407161,0.616,0.5553962713648578,0.6032762867513644,0.5075529784583959,1824,1887,0.566341865425635,0.6095859824694912,0.5265325323059451,,5,2307,4614,2053581165
Exp2A_GroupKFold,qwen25_7b,6,math,-0.05298899433988136,0.7146419451370203,0.7676309394769016,1000,-0.017469320479791772,0.051112274690904076,-0.08777623307068251,0.675,0.5548734036953932,0.6005147902212145,0.5096343896403288,1824,1887,0.572342724175185,0.6148561019647039,0.5325493433393399,,5,2307,4614,756788394
Exp2A_GroupKFold,qwen25_7b,7,math,-0.05144059422553926,0.7186729423639739,0.7701135365895132,1000,-0.009515499044294828,0.06710992735652689,-0.07808701677570865,0.595,0.563249674506219,0.6134564527241892,0.5194627974348852,1824,1887,0.5727651735505138,0.6118001997717725,0.5298089146879781,,5,2307,4614,1858476078
Exp2A_GroupKFold,qwen25_7b,8,math,-0.04906254087226891,0.7270897962318388,0.7761523371041077,1000,-0.019399775617053083,0.05538603456363867,-0.09414835303443349,0.676,0.5530935759993352,0.5991276149310383,0.5077263251509847,1824,1887,0.5724933516163883,0.6108577685284223,0.5317012963651634,,5,2307,4614,3377753912
Exp2A_GroupKFold,qwen25_7b,9,math,-0.039307338131395086,0.7371228890150612,0.7764302271464563,1000,0.010041829413557135,0.08611669257068347,-0.05801323941814352,0.398,0.5742541344635586,0.6207595208981442,0.5307565437654878,1824,1887,0.5642123050500014,0.6041133745181866,0.5199110478243892,,5,2307,4614,3712735603
Exp2A_GroupKFold,qwen25_7b,10,math,-0.03535751058310921,0.7377491215943782,0.7731066321774874,1000,0.010976758358957284,0.08373086184122656,-0.0630672718839828,0.394,0.5764633369345411,0.6228587482952589,0.5293308956403302,1824,1887,0.5654865785755838,0.6036024879801957,0.5226351651711484,,5,2307,4614,1281546042
Exp2A_GroupKFold,qwen25_7b,11,math,-0.03433423903882271,0.7503857167543015,0.7847199557931243,1000,0.029159394997091304,0.10132012805267927,-0.04516001941838623,0.233,0.583838887503809,0.6262780280676712,0.5404721119692025,1824,1887,0.5546794925067177,0.5954290067642612,0.5136569649597446,,5,2307,4614,2866376980
Exp2A_GroupKFold,qwen25_7b,12,math,-0.02813233879283461,0.7580287370982032,0.7861610758910378,1000,0.05089822432754365,0.1252949995758153,-0.02866251966968249,0.092,0.593430565943655,0.6386212062778143,0.5488767108112258,1824,1887,0.5425323416161113,0.5862085737563671,0.5002665467270655,,5,2307,4614,3992843515
Exp2A_GroupKFold,qwen25_7b,13,math,-0.022932076156060854,0.7676284556792592,0.79056053183532,1000,0.055586719853735644,0.1254997294681179,-0.0286630259120429,0.092,0.6041510845175767,0.6475086392185835,0.5546781044722975,1824,1887,0.5485643646638411,0.5920996779686488,0.5059996064488914,,5,2307,4614,171216247
Exp2A_GroupKFold,qwen25_7b,14,math,-0.016018653470348365,0.7734176355871535,0.7894362890575018,1000,0.06750186985789086,0.15014873428077638,-0.009222886050010357,0.042,0.6086422061552952,0.656229790883063,0.565792936839227,1824,1887,0.5411403362974043,0.5822188287194768,0.4969712147198035,,5,2307,4614,33168015
Exp2A_GroupKFold,qwen25_7b,15,math,-0.00805889753243616,0.7936147934203922,0.8016736909528284,1000,0.11418945123133606,0.19031857268885488,0.03575070069229213,0.002,0.6350037397157816,0.6792988910029862,0.5903448239691709,1824,1887,0.5208142884844456,0.5625232130498029,0.4759074110630953,,5,2307,4614,3539752140
Exp2A_GroupKFold,qwen25_7b,16,math,0.00532708201643306,0.8122128553051311,0.806885773288698,1000,0.17639685309842373,0.26933987125795666,0.08768397768448376,0.0,0.6632697581650461,0.7120804632063391,0.6134940441572182,1824,1887,0.48687290506662234,0.5316784866494559,0.43844891537077935,,5,2307,4614,3260782085
Exp2A_GroupKFold,qwen25_7b,17,math,0.012619265985961858,0.820192906377458,0.8075736403914962,1000,0.2032431646305991,0.289597608976673,0.1193957147416436,0.0,0.6785264134740574,0.7246076347898215,0.6316671977095591,1824,1887,0.4752832488434583,0.5206631967700162,0.4305405694076284,,5,2307,4614,3556357040
Exp2A_GroupKFold,qwen25_7b,18,math,0.02868814802655606,0.8327933298773113,0.8041051818507552,1000,0.2516759467021247,0.3350884819111497,0.16762703290749748,0.0,0.6919963156874152,0.7360008401433351,0.6443650365828205,1824,1887,0.4403203689852905,0.48683092851974613,0.3960738723552618,,5,2307,4614,3661292639
Exp2A_GroupKFold,qwen25_7b,19,math,0.03990032507729191,0.8333881908272784,0.7934878657499865,1000,0.3079309676168315,0.3957854936311598,0.21377987397454462,0.0,0.6948634311199756,0.7381357418879115,0.6464180052612646,1824,1887,0.38693246350314414,0.4345128974386016,0.34340363663765966,,5,2307,4614,3034771593
Exp2A_GroupKFold,qwen25_7b,20,math,0.04375372646736819,0.8332908187755259,0.7895370923081577,1000,0.31799011052937753,0.40400524296297863,0.22365614705365805,0.0,0.6939804426715421,0.7382459946649214,0.6457863567434257,1824,1887,0.3759903321421646,0.42352072957288167,0.3320234119234771,,5,2307,4614,1395031107
Exp2A_GroupKFold,qwen25_7b,21,math,0.04541005290742073,0.8323332126468467,0.786923159739426,1000,0.3306912933876285,0.42510191194030833,0.2351938300377538,0.0,0.6957533449680047,0.7423332044969191,0.6485261080676974,1824,1887,0.3650620515803762,0.4119695412101144,0.31774522470383193,,5,2307,4614,1110570172
Exp2A_GroupKFold,qwen25_7b,22,math,0.04820268333816358,0.8346224844410433,0.7864198011028797,1000,0.34706293803152444,0.431612823481882,0.2564457510646535,0.0,0.6983122801185628,0.7388132443967466,0.6524341406954146,1824,1887,0.3512493420870384,0.3985285463134126,0.306094095742652,,5,2307,4614,3038441655
Exp2A_GroupKFold,qwen25_7b,23,math,0.04558057628984369,0.8257945422279274,0.7802139659380837,1000,0.3496772763788471,0.4428431301792263,0.2601940177271874,0.0,0.6906735643646639,0.7365222342504474,0.6450419613042563,1824,1887,0.34099628798581677,0.38584655331138956,0.29424188916341626,,5,2307,4614,801138305
Exp2A_GroupKFold,qwen25_7b,24,math,0.04146427284253795,0.8254266541591581,0.7839623813166201,1000,0.3432608936535638,0.43435230356248694,0.25409803049569113,0.0,0.6874394027535389,0.7332382631412204,0.6436543902225482,1824,1887,0.34417850909997505,0.3903332431700652,0.29671901309053494,,5,2307,4614,3574904263
Exp2A_GroupKFold,qwen25_7b,25,math,0.040827320799767586,0.8312148054890408,0.7903874846892732,1000,0.3431258483614505,0.43597626552794766,0.25251422677069946,0.0,0.6873874622565722,0.7341160927799719,0.643072501668907,1824,1887,0.3442616138951217,0.38965750090889617,0.29676715016968414,,5,2307,4614,304975137
Exp2A_GroupKFold,qwen25_7b,26,math,0.033505616015784834,0.8266945479879643,0.7931889319721794,1000,0.33858278622676524,0.42578330773846773,0.25102696241086164,0.0,0.6919859275880218,0.735839236975744,0.6475565472017926,1824,1887,0.35340314136125656,0.39874567380854886,0.3085901197131835,,5,2307,4614,2420818435
Exp2A_GroupKFold,qwen25_7b,27,math,0.0324664672698195,0.8321922974592751,0.7997258301894556,1000,0.31960026593534446,0.41153042910001336,0.22214197528630958,0.0,0.6825777722374581,0.7317214537549552,0.6318641828422038,1824,1887,0.3629775063021136,0.41278796695474557,0.31677478886081945,,5,2307,4614,3269254098
Exp2A_GroupKFold,qwen25_7b,0,movies,0.004775318248355975,0.5839787750812276,0.5792034568328717,1000,-0.03706293706293706,0.0386546744662736,-0.1100555498342559,0.829,0.537006237006237,0.5915746679119966,0.47879060450036737,468,513,0.574069174069174,0.6249888639938282,0.516324779780996,,5,909,1824,410115444
Exp2A_GroupKFold,qwen25_7b,1,movies,-0.011199322669073974,0.603233724037605,0.614433046706679,1000,-0.0623322623322623,0.020166548355577015,-0.14496876234379416,0.928,0.5015687015687016,0.5558957149212066,0.45053832582930287,468,513,0.5639009639009639,0.6209706961422976,0.5080462634817599,,5,909,1824,2977768125
Exp2A_GroupKFold,qwen25_7b,2,movies,-0.013972077228534108,0.6356965708170184,0.6496686480455525,1000,-0.06577206577206574,0.02310690768540607,-0.15432909276463963,0.912,0.5141183141183141,0.5695388569751324,0.46137533048886525,468,513,0.5798903798903798,0.6311037360085735,0.5234664449316868,,5,909,1824,1418551067
Exp2A_GroupKFold,qwen25_7b,3,movies,-0.013469540128510538,0.6376562870490826,0.6511258271775932,1000,-0.05140805140805138,0.04039423230293916,-0.14697932378163756,0.863,0.543961443961444,0.6027640504645125,0.48118579490398516,468,513,0.5953694953694953,0.65226367493537,0.5410948017950636,,5,909,1824,2192132382
Exp2A_GroupKFold,qwen25_7b,4,movies,-0.010582346390004438,0.6517921342194138,0.6623744806094183,1000,-0.0435456435456435,0.053916800871239616,-0.13681351827672592,0.826,0.5548856548856549,0.6111155674390969,0.4953464101526481,468,513,0.5984312984312984,0.6537486410501611,0.5417629507723483,,5,909,1824,3083462723
Exp2A_GroupKFold,qwen25_7b,5,movies,-0.013724466867457874,0.6542094166351583,0.6679338835026162,1000,-0.05515025515025518,0.03822793086226732,-0.15420429054774087,0.871,0.5447930447930448,0.5996428221917368,0.48529293989854577,468,513,0.5999432999433,0.6534905939187269,0.5468999049394329,,5,909,1824,1561908287
Exp2A_GroupKFold,qwen25_7b,6,movies,0.014222866249760435,0.6978358529379722,0.6836129866882118,1000,-0.041409941409941475,0.06274908199261436,-0.14624789007153158,0.778,0.524059724059724,0.5791681732259437,0.4677758972278525,468,513,0.5654696654696655,0.6224359776436826,0.5126625904437179,,5,909,1824,3586959271
Exp2A_GroupKFold,qwen25_7b,7,movies,0.03089301007143852,0.7311625641650058,0.7002695540935673,1000,0.017879417879417936,0.12421446493173068,-0.09624711196979246,0.384,0.5457569457569458,0.5986322239788655,0.4886382155565443,468,513,0.5278775278775278,0.5858536711322285,0.46986666241519504,,5,909,1824,1073839324
Exp2A_GroupKFold,qwen25_7b,8,movies,0.024405048199051316,0.735949706170735,0.7115446579716836,1000,0.019051219051219093,0.1319578904514956,-0.08847279644376961,0.378,0.5471744471744472,0.6031367622891554,0.49062120708669577,468,513,0.5281232281232281,0.5866634214880748,0.46830561339511434,,5,909,1824,3825811969
Exp2A_GroupKFold,qwen25_7b,9,movies,0.025778254925631128,0.7440064597578873,0.7182282048322561,1000,0.0035532035532035433,0.11653587669865323,-0.10287154987304473,0.479,0.5536004536004536,0.6107203903059647,0.49789543942719594,468,513,0.5500472500472501,0.6087757115856534,0.48774547234292437,,5,909,1824,2489003843
Exp2A_GroupKFold,qwen25_7b,10,movies,0.030146989678370928,0.7508699525130893,0.7207229628347184,1000,-0.003137403137403183,0.10966262889056796,-0.11109387313281124,0.546,0.5473823473823474,0.606127443475135,0.4941856222039847,468,513,0.5505197505197506,0.6077158068336659,0.49163506510853844,,5,909,1824,196900605
Exp2A_GroupKFold,qwen25_7b,11,movies,0.032839956360335765,0.7544574251969008,0.7216174688365651,1000,-0.0025137025137025315,0.10426093460458147,-0.10698149916266941,0.501,0.5421848421848422,0.5974783167434283,0.48886962140681867,468,513,0.5446985446985447,0.6012206730521299,0.4853662148733528,,5,909,1824,4022551663
Exp2A_GroupKFold,qwen25_7b,12,movies,0.03703063590112321,0.7679754939343643,0.730944858033241,1000,0.005216405216405207,0.11188973652574628,-0.10547932478023815,0.488,0.5556794556794556,0.6140119411868032,0.49872841217566216,468,513,0.5504630504630504,0.6111748664960344,0.49047829717827096,,5,909,1824,1461017383
Exp2A_GroupKFold,qwen25_7b,13,movies,0.047946478067551035,0.7886082682337561,0.740661790166205,1000,0.006955206955206905,0.12393930652688559,-0.09894136654663009,0.448,0.5571158571158571,0.6146815179360131,0.5039738873402033,468,513,0.5501606501606502,0.6057697450558293,0.4869539570504628,,5,909,1824,3264400046
Exp2A_GroupKFold,qwen25_7b,14,movies,0.07776408269701562,0.8308876399453997,0.7531235572483841,1000,0.06809676809676801,0.1794415151066986,-0.054287387387387386,0.107,0.6043659043659043,0.6591642276935269,0.5445180458926069,468,513,0.5362691362691363,0.6001887246140623,0.4762760248286564,,5,909,1824,1107090391
Exp2A_GroupKFold,qwen25_7b,15,movies,0.11792230142738103,0.890453272495402,0.7725309710680209,1000,0.1716877716877716,0.26788400586315586,0.06426861185250445,0.001,0.6807597807597807,0.7264321495968434,0.6264776765193222,468,513,0.5090720090720091,0.5678625381514805,0.45077656285012807,,5,909,1824,4221691852
Exp2A_GroupKFold,qwen25_7b,16,movies,0.1409720876903472,0.9190492364284204,0.7780771487380732,1000,0.22545832545832545,0.3255965260731349,0.1205379533421686,0.0,0.7318087318087318,0.7768836954360423,0.6834137855069459,468,513,0.5063504063504064,0.5685373502443608,0.44787193255318675,,5,909,1824,2849534937
Exp2A_GroupKFold,qwen25_7b,17,movies,0.16837170856711825,0.9539319290195651,0.7855602204524469,1000,0.3261387261387261,0.42345930418063665,0.24160279364325699,0.0,0.8224721224721224,0.8594106319697602,0.7861459038214452,468,513,0.49633339633339635,0.5518299918062493,0.4344831740759427,,5,909,1824,892865081
Exp2A_GroupKFold,qwen25_7b,18,movies,0.1668379136100251,0.9489691943887262,0.7821312807787011,1000,0.3401436401436402,0.43511045620088173,0.24861780644704337,0.0,0.8174447174447175,0.8553997324813349,0.7801585975557515,468,513,0.4773010773010773,0.5370856051775552,0.41701995896569377,,5,909,1824,2902282711
Exp2A_GroupKFold,qwen25_7b,19,movies,0.17431829313513325,0.9641598790077094,0.7898415858725761,1000,0.44702324702324703,0.5246018136471241,0.357620844858311,0.0,0.8708750708750709,0.8997079810327758,0.8350896195719064,468,513,0.42385182385182385,0.4848786731400912,0.3677252348815247,,5,909,1824,962952459
Exp2A_GroupKFold,qwen25_7b,20,movies,0.17569335911000983,0.9650468140192127,0.7893534549092028,1000,0.4924021924021924,0.5739472382415587,0.4084053002816105,0.0,0.8781515781515782,0.9096785262569181,0.8445798188216762,468,513,0.3857493857493858,0.44320240346470696,0.3285909099024889,,5,909,1824,2760669701
Exp2A_GroupKFold,qwen25_7b,21,movies,0.1783751880511616,0.9651942092884653,0.7868190212373037,1000,0.5596862596862597,0.6370698790606625,0.48422316202668814,0.0,0.896030996030996,0.9230015646822154,0.867829209344769,468,513,0.33634473634473633,0.39183518303437004,0.2791674878855586,,5,909,1824,697709433
Exp2A_GroupKFold,qwen25_7b,22,movies,0.18158728236877053,0.9631883519286351,0.7816010695598645,1000,0.5712908712908713,0.6488062113879545,0.49462729750590845,0.0,0.9049329049329049,0.9344830905622602,0.8756440377025676,468,513,0.33364203364203365,0.3925452453431906,0.28022776849174086,,5,909,1824,3744996143
Exp2A_GroupKFold,qwen25_7b,23,movies,0.17828311399388808,0.9499099607159565,0.7716268467220684,1000,0.6023625023625023,0.6704750206872883,0.5310823695158678,0.0,0.8977697977697978,0.9245733451303235,0.8700922781162711,468,513,0.29540729540729543,0.34996768915489423,0.2438640940560147,,5,909,1824,2132246874
Exp2A_GroupKFold,qwen25_7b,24,movies,0.1781624122861728,0.9470107598546554,0.7688483475684826,1000,0.5756756756756757,0.6425376139494241,0.5034035935488385,0.0,0.8846720846720847,0.913159589035164,0.8531521705739369,468,513,0.308996408996409,0.36323515017813,0.2607339088085325,,5,909,1824,2146874834
Exp2A_GroupKFold,qwen25_7b,25,movies,0.17737828235357123,0.9457649494049717,0.7683866670514005,1000,0.5643545643545643,0.6412159015907779,0.4914296609506747,0.0,0.8747495747495747,0.9076095550403548,0.8436663631022326,468,513,0.3103950103950104,0.3646833938084703,0.2566671257663852,,5,909,1824,1906376791
Exp2A_GroupKFold,qwen25_7b,26,movies,0.19311490295861955,0.9440346571137442,0.7509197541551247,1000,0.5214326214326215,0.5919770741037363,0.44520632601889976,0.0,0.866962766962767,0.8995103259052943,0.8328410824928951,468,513,0.34553014553014555,0.4005565810526366,0.29752152008645516,,5,909,1824,3339239020
Exp2A_GroupKFold,qwen25_7b,27,movies,0.18950424296346025,0.938151663323571,0.7486474203601108,1000,0.4942354942354943,0.564132701026989,0.41375610766045545,0.0,0.8443205443205444,0.8769474871105128,0.8076021741215275,468,513,0.3500850500850501,0.4036654928796324,0.30237642603429465,,5,909,1824,3195254571
Exp2A_GroupKFold,llama31_8b,0,math,0.031515388086928,0.6344705656006592,0.6029551775137312,1000,-0.028308453155050817,-0.013779135393070406,-0.043357122255526216,1.0,0.7133437127942119,0.7420585377523589,0.6855839601136432,1240,1273,0.7416521659492628,0.768798723266239,0.7138251378754245,,5,1539,3078,3616134223
Exp2A_GroupKFold,llama31_8b,1,math,-0.0016110617202290678,0.6395481258065018,0.6411591875267308,1000,-0.04483621821290107,-0.031278340797932146,-0.06010662875076225,1.0,0.734716243856275,0.7617823071861182,0.7040882230946518,1240,1273,0.779552462069176,0.8053469154457997,0.7515539393059691,,5,1539,3078,3526127460
Exp2A_GroupKFold,llama31_8b,2,math,-0.07321608546777914,0.6470388753284309,0.72025496079621,1000,-0.07793754006777187,-0.05357960217511361,-0.10437730821027132,1.0,0.731117013157493,0.7587098137408987,0.7032016336363238,1240,1273,0.8090545532252649,0.8356253194678824,0.7831730857727878,,5,1539,3078,3331861635
Exp2A_GroupKFold,llama31_8b,3,math,-0.08447848925841717,0.650725462912579,0.7352039521709962,1000,-0.0697530298867417,-0.04464786366575286,-0.09326588212214003,1.0,0.7576060078761792,0.7883088486086167,0.7299104638391251,1240,1273,0.8273590377629209,0.8525877121072073,0.8028542609607751,,5,1539,3078,4011554151
Exp2A_GroupKFold,llama31_8b,4,math,-0.07048898084173849,0.6648445880816529,0.7353335689233914,1000,-0.056992398571297676,-0.03298240886675642,-0.08220217251961494,1.0,0.7753518331959581,0.8012909829185371,0.7472955255161314,1240,1273,0.8323442317672558,0.8579781111329831,0.8078332155847582,,5,1539,3078,2532815374
Exp2A_GroupKFold,llama31_8b,5,math,-0.06925360773658173,0.6838454781486606,0.7530990858852423,1000,-0.05727020178893061,-0.028015098510164333,-0.08437261602387398,1.0,0.7825716640718015,0.8084692960702509,0.7535673312860481,1240,1273,0.8398418658607321,0.8657958642364925,0.8133593364759486,,5,1539,3078,2949102488
Exp2A_GroupKFold,llama31_8b,6,math,-0.064070673327554,0.6980272772500428,0.7620979505775968,1000,-0.05652227004914978,-0.030606422464286232,-0.08333671824034064,1.0,0.7898433922520377,0.8176589184646725,0.7619776691179985,1240,1273,0.8463656623011875,0.8686761195102967,0.8214302162694108,,5,1539,3078,1234092393
Exp2A_GroupKFold,llama31_8b,7,math,-0.0567072751294988,0.7065893137544503,0.7632965888839491,1000,-0.043648685777085805,-0.01785583596369396,-0.06931747388970096,0.999,0.8053423695698629,0.8307263983680827,0.7792809616596231,1240,1273,0.8489910553469487,0.8718585039716766,0.8212086950645457,,5,1539,3078,3458001117
Exp2A_GroupKFold,llama31_8b,8,math,-0.04874337838571374,0.7223078388084763,0.77105121719419,1000,-0.03175199194065392,-0.004611312395859498,-0.06015868260327073,0.986,0.815175382361022,0.8390593478386662,0.7894792533271104,1240,1273,0.846927374301676,0.8720906813994314,0.8205748436777114,,5,1539,3078,382190140
Exp2A_GroupKFold,llama31_8b,9,math,-0.02437060692217563,0.7584575799505605,0.7828281868727361,1000,-0.03248160698476654,0.0032980024178237274,-0.06440413070815552,0.963,0.80011295295662,0.8266598953533164,0.7738050839062937,1240,1273,0.8325945599413865,0.8599911750500101,0.8054088053452515,,5,1539,3078,3553233540
Exp2A_GroupKFold,llama31_8b,10,math,-0.0007186955070258572,0.7898518757482005,0.7905705712552263,1000,-0.028100863937479015,0.009251764544382245,-0.0625400288431761,0.921,0.7883414232072534,0.8158663293707515,0.760060946338388,1240,1273,0.8164422871447324,0.8436287533307116,0.7868333508814865,,5,1539,3078,174705649
Exp2A_GroupKFold,llama31_8b,11,math,0.029576196072822136,0.828730605090095,0.7991544090172729,1000,-0.03226485941936075,0.011127298763831072,-0.07624637960685539,0.935,0.7543028970906982,0.7807281797600352,0.7263251440864534,1240,1273,0.786567756510059,0.8172392118667023,0.7554082485933645,,5,1539,3078,3122647262
Exp2A_GroupKFold,llama31_8b,12,math,0.042774103388538376,0.8451545762659163,0.8023804728773779,1000,-0.029337240895075833,0.016107803966947585,-0.07798620454665164,0.891,0.7363220075098452,0.7648632681645458,0.7057165374932333,1240,1273,0.7656592484049211,0.7936528856683258,0.7373831312968803,,5,1539,3078,4059955473
Exp2A_GroupKFold,llama31_8b,13,math,0.039960580553569325,0.8391952084078295,0.7992346278542601,1000,-0.029465457764752512,0.020517100972278816,-0.08231785510626534,0.87,0.6923344628628996,0.7202030122938167,0.6639350446879009,1240,1273,0.7217999206276521,0.7519722337238369,0.6904811065400787,,5,1539,3078,3417521151
Exp2A_GroupKFold,llama31_8b,14,math,0.030379357964160913,0.8321159691236144,0.8017366111594535,1000,-0.038553591598742276,0.015091443877611087,-0.09244388726216292,0.92,0.661901273010349,0.6908337247173101,0.6320058053411047,1240,1273,0.7004548646090912,0.7303457918078533,0.6690560807681166,,5,1539,3078,3629727659
Exp2A_GroupKFold,llama31_8b,15,math,0.03951502264700946,0.8407445663158222,0.8012295436688127,1000,-0.009869646182495306,0.04414501299462972,-0.05992196313007724,0.653,0.6853069572915713,0.7160583411718422,0.6553141193581322,1240,1273,0.6951766034740666,0.7240284868894762,0.6655970601457719,,5,1539,3078,2485078631
Exp2A_GroupKFold,llama31_8b,16,math,0.039917897451094975,0.8343246179319351,0.7944067204808402,1000,-0.02479470036938669,0.03334732432600076,-0.07747482554064744,0.796,0.665570717709192,0.696618087479666,0.6349966850626831,1240,1273,0.6903654180785787,0.7196642514223529,0.6589342661367761,,5,1539,3078,1053172070
Exp2A_GroupKFold,llama31_8b,17,math,0.03894270715464865,0.8310699460518338,0.7921272388971852,1000,-0.028748053851085364,0.028572642781774814,-0.08817161808686787,0.841,0.6640473791861281,0.695806443986137,0.6311276537839792,1240,1273,0.6927954330372135,0.7246487132109837,0.6623429047702907,,5,1539,3078,429683069
Exp2A_GroupKFold,llama31_8b,18,math,0.03356089541767637,0.8219968012002301,0.7884359057825537,1000,-0.040125774643587686,0.013241166255618771,-0.09292942126588831,0.928,0.653387062307293,0.6843096128976573,0.6233416014933456,1240,1273,0.6935128369508807,0.7239164592238136,0.6631774171560268,,5,1539,3078,4112255672
Exp2A_GroupKFold,llama31_8b,19,math,0.034175641455848726,0.8180774941309992,0.7839018526751504,1000,-0.0409378148182068,0.014483763158041417,-0.09382735625279558,0.926,0.645245291082822,0.6757505880621394,0.6153831599214239,1240,1273,0.6861831059010288,0.7151724490751369,0.6545383850662969,,5,1539,3078,423867793
Exp2A_GroupKFold,llama31_8b,20,math,0.02514647890291566,0.8075609054585594,0.7824144265556437,1000,-0.06005739231309337,-0.0034720338160889124,-0.11770962991035948,0.981,0.6180999481026956,0.6491473465458952,0.5849217142267007,1240,1273,0.678157340415789,0.7068044408090718,0.6462453662878578,,5,1539,3078,3275977820
Exp2A_GroupKFold,llama31_8b,21,math,0.027324617992772082,0.8136397910480248,0.7863151730552527,1000,-0.04495832951735512,0.009794930250981956,-0.10093261351485634,0.95,0.6421741917758036,0.6728153680905423,0.6109108737692577,1240,1273,0.6871325212931587,0.7167815579140552,0.6573971337244382,,5,1539,3078,3312704866
Exp2A_GroupKFold,llama31_8b,22,math,0.022870895387843038,0.8136825453584365,0.7908116499705935,1000,-0.05140275360991542,0.0045250877270754195,-0.10663866604096922,0.964,0.6409805537747657,0.6737825465057391,0.6073571414187038,1240,1273,0.6923833073846811,0.7227637370399845,0.6620577836097542,,5,1539,3078,3208063086
Exp2A_GroupKFold,llama31_8b,23,math,0.021627421703143024,0.8085151039318419,0.7868876822286989,1000,-0.05674512317977831,-0.004223971594812086,-0.11322267132995084,0.98,0.624422260890802,0.6542644867801577,0.5912447270601777,1240,1273,0.6811673840705803,0.7131558931382272,0.6526344087651805,,5,1539,3078,759539129
Exp2A_GroupKFold,llama31_8b,24,math,0.011664114603824882,0.8100387120847001,0.7983745974808752,1000,-0.0730805629331136,-0.014905672652106057,-0.1255200256499682,0.996,0.6255792655005037,0.6576316939920769,0.5958014443737283,1240,1273,0.6986598284336173,0.7270150050589158,0.6678796341775755,,5,1539,3078,3113436892
Exp2A_GroupKFold,llama31_8b,25,math,-0.0008337820695613063,0.8018629219073087,0.80269670397687,1000,-0.10740299783252438,-0.04852667513543193,-0.16452923274246545,1.0,0.5943401410385566,0.6258501938703019,0.5611033445775109,1240,1273,0.701743138871081,0.7320010441853226,0.6698363262377426,,5,1539,3078,2690659330
Exp2A_GroupKFold,llama31_8b,26,math,0.0025580246908299964,0.8083047332908382,0.8057467086000082,1000,-0.09695027017126112,-0.041591622556943236,-0.1538846394992962,1.0,0.6103703025307567,0.6405774958804872,0.5786557643425213,1240,1273,0.7073205727020179,0.7383029561831561,0.6761825458766283,,5,1539,3078,4182647468
Exp2A_GroupKFold,llama31_8b,27,math,0.005619865775592481,0.8086593997294819,0.8030395339538894,1000,-0.10100436547913416,-0.04209575137560789,-0.15970173367474222,1.0,0.5938944347772995,0.6263199359633712,0.5617025785459111,1240,1273,0.6948988002564337,0.7245191324865965,0.6627850173924646,,5,1539,3078,1372617704
Exp2A_GroupKFold,llama31_8b,28,math,0.0067067787025473224,0.8077484414110477,0.8010416627085004,1000,-0.09409286564703734,-0.03715585121895561,-0.1513142745034111,1.0,0.5918399120798608,0.6241253634313921,0.5604690260662073,1240,1273,0.6859327777268981,0.7149666693924415,0.6563801424555888,,5,1539,3078,2961112380
Exp2A_GroupKFold,llama31_8b,29,math,0.0026082894678980395,0.8114894435720837,0.8088811541041857,1000,-0.10032970052202583,-0.04129676880546747,-0.15787126264023765,0.998,0.5858991971181732,0.6176609715743556,0.5564025410748362,1240,1273,0.686228897640199,0.7175428878755626,0.6542875856179797,,5,1539,3078,1526515400
Exp2A_GroupKFold,llama31_8b,30,math,0.010463874954459329,0.8238347507035028,0.8133708757490434,1000,-0.08418658607320573,-0.025278628063080243,-0.14280808651733506,0.996,0.5889000824251305,0.620755077813991,0.5569266089732704,1240,1273,0.6730866684983362,0.7037831873013156,0.6419765617495692,,5,1539,3078,2863033554
Exp2A_GroupKFold,llama31_8b,31,math,0.016755053584267876,0.8347011473702213,0.8179460937859534,1000,-0.07843819641603322,-0.01577687713468849,-0.13758704989010026,0.995,0.5861373141618585,0.6197757318610483,0.5528682097010177,1240,1273,0.6645755105778918,0.6949544863102901,0.6325118001400536,,5,1539,3078,2311733758
Exp2A_GroupKFold,llama31_8b,0,movies,0.04282200051302032,0.5577944398277556,0.5149724393147352,1000,0.06194548458454052,0.10214400562819588,0.02214814827749094,0.001,0.5855461763877045,0.6187809818641137,0.5496784477082416,2035,2146,0.5236006918031639,0.5583994419993424,0.48706966946249763,,5,2775,5560,3248643187
Exp2A_GroupKFold,llama31_8b,1,movies,0.04853611036363159,0.573119853441112,0.5245837430774805,1000,0.0645296162113278,0.10529091984049006,0.018771665605633973,0.003,0.596449996224184,0.6325166738195992,0.5606536041922919,2035,2146,0.5319203800128562,0.5689161729132378,0.4956500347115103,,5,2775,5560,3729419207
Exp2A_GroupKFold,llama31_8b,2,movies,0.015081822238730003,0.5649726146407796,0.5498907924020496,1000,0.06788364592792051,0.12832825005514004,0.01178076645415262,0.011,0.5730159928830473,0.6082009111087906,0.537150931296732,2035,2146,0.5051323469551268,0.5424005258831007,0.4670336458016661,,5,2775,5560,138656059
Exp2A_GroupKFold,llama31_8b,3,movies,-0.022254293798951164,0.563224201102969,0.5854784949019202,1000,0.038275722976669146,0.10993042463665616,-0.02605273577286333,0.122,0.5399306354974591,0.5759334812187319,0.5078349315448084,2035,2146,0.50165491252079,0.537504850572885,0.46395914838091723,,5,2775,5560,116308721
Exp2A_GroupKFold,llama31_8b,4,movies,-0.02834047382438265,0.5737290360353554,0.6020695098597381,1000,0.030370453595221503,0.09598135654467725,-0.03470151570260089,0.174,0.5355359540566078,0.5677960852751462,0.5031633403152653,2035,2146,0.5051655004613863,0.5399549368964986,0.46888121141027156,,5,2775,5560,1909959501
Exp2A_GroupKFold,llama31_8b,5,movies,-0.01667327621546555,0.5925736571730754,0.609246933388541,1000,0.032569636177106065,0.09563061059705241,-0.028119523828888594,0.136,0.5543321502443229,0.5873545750078129,0.5217322779696828,2035,2146,0.5217625140672169,0.5555255787709094,0.48625597614202976,,5,2775,5560,2268746435
Exp2A_GroupKFold,llama31_8b,6,movies,0.02988748173489908,0.6409592430308982,0.6110717612959992,1000,0.08930265283305916,0.1492440160726065,0.026852134395935298,0.002,0.608355788694286,0.6420868354869289,0.5724478029736034,2035,2146,0.5190531358612268,0.5532108743334342,0.48194785044434196,,5,2775,5560,2476088644
Exp2A_GroupKFold,llama31_8b,7,movies,0.1777366278388034,0.8123234116491652,0.6345867838103618,1000,0.2763381583964017,0.3315025151373123,0.22010579430962862,0.0,0.759981507710953,0.7910314455852346,0.7308346577392254,2035,2146,0.4836433493145513,0.5194977558252116,0.44966245307501435,,5,2775,5560,357183310
Exp2A_GroupKFold,llama31_8b,8,movies,0.19800381731601735,0.8560748281332629,0.6580710108172455,1000,0.3562694201267569,0.41056656667842095,0.30447683659343,0.0,0.8065198211920895,0.8370399130184768,0.7772324159671808,2035,2146,0.45025040106533265,0.4850406290878926,0.4138441683181253,,5,2775,5560,3412527423
Exp2A_GroupKFold,llama31_8b,9,movies,0.1977067201882392,0.8731741519981869,0.6754674318099477,1000,0.39062105726531465,0.4432195711875017,0.33963608797976813,0.0,0.8266458413531051,0.8533538697053369,0.7992038797346843,2035,2146,0.4360247840877905,0.47272810128012255,0.3986968894209755,,5,2775,5560,3134215956
Exp2A_GroupKFold,llama31_8b,10,movies,0.18710331455098994,0.8885278008612223,0.7014244863102324,1000,0.4392158090652737,0.48963438404551896,0.3912952008034121,0.0,0.8417656820689261,0.8653216069955283,0.8190572045882707,2035,2146,0.4025498730036524,0.4382938603273154,0.36545729045822123,,5,2775,5560,1943690012
Exp2A_GroupKFold,llama31_8b,11,movies,0.19199592881507666,0.9358683991841051,0.7438724703690285,1000,0.5273967682698844,0.5763736334847395,0.4805177121597095,0.0,0.897209395703674,0.9144399832937341,0.8781379330037414,2035,2146,0.3698126274337897,0.40574207253070815,0.33323518848576966,,5,2775,5560,564773128
Exp2A_GroupKFold,llama31_8b,12,movies,0.1977320846450057,0.949550313515147,0.7518182288701413,1000,0.5455648897001266,0.5910200696068976,0.5020498172525862,0.0,0.9126515621747964,0.9294683384990379,0.8944884375053048,2035,2146,0.3670866724746698,0.3995757881468676,0.33033036192956217,,5,2775,5560,3632933868
Exp2A_GroupKFold,llama31_8b,13,movies,0.20916004672368704,0.9711926796101836,0.7620326328864966,1000,0.603752976908583,0.6476256155087308,0.5587447791450102,0.0,0.9450038586997563,0.9579832798872411,0.9296841630985129,2035,2146,0.3412508817911734,0.3782255643251792,0.3047067953087771,,5,2775,5560,3895637764
Exp2A_GroupKFold,llama31_8b,14,movies,0.2003133728655896,0.9745165067613507,0.7742031338957611,1000,0.6576513687793432,0.7019159771643235,0.6110190489490429,0.0,0.9449891238080854,0.9598677513671068,0.9297950893667322,2035,2146,0.28733775502874226,0.3242160157899296,0.2521236766612319,,5,2775,5560,3020560080
Exp2A_GroupKFold,llama31_8b,15,movies,0.19153075238759454,0.9682237289416031,0.7766929765540086,1000,0.6833379686846714,0.7260663884352392,0.6366358863132415,0.0,0.9318548097449206,0.9470629156041653,0.9149533752174759,2035,2146,0.24851684106024913,0.2807257674849851,0.21650580730412988,,5,2775,5560,3198751971
Exp2A_GroupKFold,llama31_8b,16,movies,0.18944248321783907,0.9594186749263428,0.7699761917085037,1000,0.7253471448384595,0.7702194001031591,0.6745667308360858,0.0,0.9187610166338508,0.9351735610485448,0.9009843493743749,2035,2146,0.1934138717953913,0.2258979625353239,0.1634284631529241,,5,2775,5560,2497185715
Exp2A_GroupKFold,llama31_8b,17,movies,0.19068920105974352,0.956632734003173,0.7659435329434294,1000,0.724960353932098,0.7674032221904467,0.6781320299502952,0.0,0.9175822253001774,0.9339486462221408,0.8989414051187006,2035,2146,0.19262187136807943,0.22426765993319436,0.1624658651510108,,5,2775,5560,2948036554
Exp2A_GroupKFold,llama31_8b,18,movies,0.1910828328336509,0.9527662990103498,0.7616834661766989,1000,0.7209800913194911,0.767912050209778,0.6732612759271513,0.0,0.9082274109506031,0.9269659254958094,0.8885780978161705,2035,2146,0.187247319631112,0.2185886549966366,0.1578000360517302,,5,2775,5560,1844590764
Exp2A_GroupKFold,llama31_8b,19,movies,0.19040217515027258,0.9515286696381355,0.761126494487863,1000,0.7238368184421904,0.7671844783317426,0.674496825763821,0.0,0.9051791302361819,0.9233569885172869,0.8848518707931782,2035,2146,0.1813423117939915,0.21204755871110995,0.15313221725471332,,5,2775,5560,1324684261
Exp2A_GroupKFold,llama31_8b,20,movies,0.18967550875451933,0.9477679987912669,0.7580924900367476,1000,0.7010898294252104,0.74826161614263,0.6477003710852967,0.0,0.8984950150019616,0.9167160170343084,0.8769717204487659,2035,2146,0.1974051855767513,0.2303676805933868,0.16669778140637626,,5,2775,5560,1372769781
Exp2A_GroupKFold,llama31_8b,21,movies,0.19154583615561416,0.9481672584422453,0.7566214222866311,1000,0.7057571063619736,0.752781862868063,0.6568308666347383,0.0,0.9027202451885974,0.9204507467312204,0.8821903201893513,2035,2146,0.19696313882662375,0.2275312598195878,0.16547096853351229,,5,2775,5560,2207729612
Exp2A_GroupKFold,llama31_8b,22,movies,0.1897515399650107,0.9460650071768527,0.756313467211842,1000,0.6966472595864284,0.7425885322204644,0.650165605890262,0.0,0.9034956688627794,0.9222698141133663,0.8855259347134072,2035,2146,0.20684840927635106,0.23969725284178084,0.17541645470134734,,5,2775,5560,1942979232
Exp2A_GroupKFold,llama31_8b,23,movies,0.18874731603841477,0.9432284505552617,0.754481134516847,1000,0.708122056475156,0.7538100882315035,0.6599955004410383,0.0,0.8983716102842176,0.9171964206638077,0.8781864118772221,2035,2146,0.19024955380906158,0.22194107434159926,0.16074805823472763,,5,2775,5560,3845008121
Exp2A_GroupKFold,llama31_8b,24,movies,0.18934215974128732,0.9449067009141044,0.7555645411728171,1000,0.7008393362668046,0.7498485848352948,0.6513700257608376,0.0,0.9011030908277141,0.9194149167985586,0.8810222172083148,2035,2146,0.20026375456090945,0.2319627183998751,0.16814998113648502,,5,2775,5560,2905725409
Exp2A_GroupKFold,llama31_8b,25,movies,0.1877414347743499,0.9423881921885624,0.7546467574142125,1000,0.6835810943972416,0.7250710983879202,0.6375085458059636,0.0,0.9006444673244568,0.9179513091644601,0.8814225274965527,2035,2146,0.21706337292721517,0.2495995781124651,0.18716744900551813,,5,2775,5560,3252696021
Exp2A_GroupKFold,llama31_8b,26,movies,0.1896884612397498,0.9441215909949384,0.7544331297551886,1000,0.6870456358013662,0.7332663880347691,0.6397597983139237,0.0,0.904619204352687,0.9227359821736291,0.8846879948761089,2035,2146,0.2175735685513207,0.24962336546728398,0.1856181986283161,,5,2775,5560,4054771963
Exp2A_GroupKFold,llama31_8b,27,movies,0.18982152517377204,0.9454107803883055,0.7555892552145335,1000,0.6892706044436749,0.7344212296533447,0.6396178967630214,0.0,0.9039561342274957,0.9215279174248276,0.8846575278587095,2035,2146,0.21468552978382072,0.24871317461210568,0.1833182741198166,,5,2775,5560,3433035570
Exp2A_GroupKFold,llama31_8b,28,movies,0.18905174511055878,0.9432834101382489,0.7542316650276901,1000,0.6690617005170105,0.7150396650076976,0.6226505623780808,0.0,0.9029265336719903,0.9205265678579315,0.8845916589987722,2035,2146,0.23386483315497975,0.2646277467288679,0.20149393939168608,,5,2775,5560,1408283896
Exp2A_GroupKFold,llama31_8b,29,movies,0.18767452206263024,0.9426811210999472,0.7550065990373169,1000,0.6555848002224969,0.7013745829355947,0.6075738274381869,0.0,0.9013351653715311,0.918599354259258,0.8823874763908588,2035,2146,0.24575036514903423,0.2791013578163801,0.21197604892655048,,5,2775,5560,3104501275
Exp2A_GroupKFold,llama31_8b,30,movies,0.18266241307006081,0.9421249150109542,0.7594625019408934,1000,0.6581818248794962,0.7044147571730295,0.6094198428476384,0.0,0.8981266427101886,0.9166630479023606,0.8783682313170977,2035,2146,0.2399448178306924,0.27419540462836306,0.20811991465549315,,5,2775,5560,2491462273
Exp2A_GroupKFold,llama31_8b,31,movies,0.18269718705940363,0.9363543476618569,0.7536571606024532,1000,0.6084165701224286,0.654084582912766,0.5607633936718839,0.0,0.8968723350567017,0.9159388656492551,0.8761319306358908,2035,2146,0.28845576493427316,0.3236814862903517,0.25553200616586913,,5,2775,5560,1996130515
Exp2A_GroupKFold,qwen25_14b,0,math,0.0005291457049733106,0.5367014115455615,0.5361722658405882,1000,-0.0020324830524534043,0.03538992459957309,-0.04145028856360912,0.552,0.52757147310704,0.5687081579158096,0.49028996786471823,1493,1563,0.5296039561594934,0.565556484836496,0.4944644506368475,,5,2370,4740,2570290600
Exp2A_GroupKFold,qwen25_14b,1,math,-0.002154000614806195,0.5493550168147368,0.551509017429543,1000,0.0015801409595765925,0.03855589328266634,-0.03568557533191607,0.463,0.5322293741174745,0.5715943046147732,0.49620245162344706,1493,1563,0.5306492331578979,0.5685657981570137,0.49243651681990575,,5,2370,4740,2804310368
Exp2A_GroupKFold,qwen25_14b,2,math,-0.0024950501024842975,0.5659790192240125,0.5684740693264968,1000,0.012528042153392871,0.05161610313810599,-0.031240073107544602,0.3,0.5396960750154346,0.5790179410240771,0.5005971239901041,1493,1563,0.5271680328620417,0.5634871368202345,0.49226263521162156,,5,2370,4740,2590581125
Exp2A_GroupKFold,qwen25_14b,3,math,-0.010189634059510233,0.5924643209690642,0.6026539550285744,1000,0.0018277065644617396,0.04460578845151151,-0.04493643190624724,0.489,0.5365327367307892,0.5766799633335383,0.4968699503483404,1493,1563,0.5347050301663274,0.5734833798526072,0.4974123846324557,,5,2370,4740,554414869
Exp2A_GroupKFold,qwen25_14b,4,math,-0.007263146042349011,0.5981565694590841,0.6054197155014331,1000,-0.01226213835555312,0.039757338766951346,-0.05903664393053493,0.674,0.5311321389056989,0.5692534597032392,0.49246499385768205,1493,1563,0.543394277261252,0.5822661404872581,0.5046482130995872,,5,2370,4740,2484114781
Exp2A_GroupKFold,qwen25_14b,5,math,0.07060032068826305,0.7389168297947096,0.6683165091064466,1000,0.02806354795131827,0.09489355057599898,-0.033754423738931574,0.2,0.5540976692156755,0.5934713438099113,0.5146356833595118,1493,1563,0.5260341212643572,0.5662123094168819,0.4881562401519689,,5,2370,4740,940467837
Exp2A_GroupKFold,qwen25_14b,6,math,0.0650661020109462,0.7507635507816204,0.6856974487706742,1000,0.019410977242302563,0.08824738213375379,-0.05023311654819657,0.303,0.5493236263165294,0.5892091357183105,0.5099307846078445,1493,1563,0.5299126490742269,0.5688458482496944,0.4897795428693091,,5,2370,4740,2451153104
Exp2A_GroupKFold,qwen25_14b,7,math,0.06312231030699111,0.7461100793610957,0.6829877690541046,1000,0.02720470924795071,0.09244926722570501,-0.039568653497164,0.214,0.5601431601596646,0.598781228924351,0.5251817907810287,1493,1563,0.5329384509117139,0.5742467297892078,0.49554756436776415,,5,2370,4740,1552520824
Exp2A_GroupKFold,qwen25_14b,8,math,0.07299495969271796,0.7556211413943683,0.6826261817016503,1000,0.03488535573037965,0.10851264824048291,-0.03352544490352178,0.161,0.5639758424871479,0.6035809765607932,0.5237100018856442,1493,1563,0.5290904867567683,0.5701677300809082,0.4894653517639115,,5,2370,4740,2181073134
Exp2A_GroupKFold,qwen25_14b,9,math,0.07413206992839216,0.7547016011644833,0.6805695312360911,1000,0.027721235016168078,0.09792863113901148,-0.04611898609417085,0.221,0.5576155458974406,0.5981989991603895,0.5198321285297239,1493,1563,0.5298943108812725,0.574572681792366,0.4871518108721335,,5,2370,4740,2060049669
Exp2A_GroupKFold,qwen25_14b,10,math,0.06882368403224848,0.7518488402572124,0.683025156224964,1000,0.031012940651494847,0.10541094200210328,-0.032948996260049226,0.17,0.5681111049983801,0.6099896547453365,0.5293729461270743,1493,1563,0.5370981643468853,0.5740886889090256,0.49412707702446007,,5,2370,4740,1447564265
Exp2A_GroupKFold,qwen25_14b,11,math,0.07679243924409584,0.749447818545846,0.6726553793017501,1000,0.02589352845170645,0.08917530444289413,-0.03749426031824777,0.191,0.5654092779030888,0.6045687311737098,0.5271119681355415,1493,1563,0.5395157494513824,0.5783451597181009,0.498676714697715,,5,2370,4740,2477170046
Exp2A_GroupKFold,qwen25_14b,12,math,0.0830312814110179,0.7763507280808892,0.6933194466698713,1000,0.03748632276442154,0.10433971039648272,-0.03243313231612343,0.154,0.5693764403122383,0.6048483963457605,0.532272049810353,1493,1563,0.5318901175478168,0.5737078328161762,0.4928811906360513,,5,2370,4740,1339940263
Exp2A_GroupKFold,qwen25_14b,13,math,0.08231318212247962,0.776166909267346,0.6938537271448664,1000,0.05311351952711918,0.12349044716316934,-0.020323590844794664,0.083,0.5726589768510878,0.611239162613786,0.5317371480532166,1493,1563,0.5195454573239686,0.5604717756124021,0.4810710432066568,,5,2370,4740,2464283073
Exp2A_GroupKFold,qwen25_14b,14,math,0.08066727639720528,0.7795684496422337,0.6989011732450284,1000,0.0433851081647747,0.11306375640061495,-0.024581280367897536,0.11,0.5745997689387687,0.612109387544787,0.536856916188342,1493,1563,0.531214660773994,0.570266318414143,0.49113420934499397,,5,2370,4740,1551540576
Exp2A_GroupKFold,qwen25_14b,15,math,0.09262877546159398,0.7940484197493684,0.7014196442877744,1000,0.05679338357998198,0.13060123537179436,-0.012253375126942705,0.061,0.580519948897569,0.6188411143633479,0.5434387955077531,1493,1563,0.523726565317587,0.5648850101843451,0.482115804331236,,5,2370,4740,823969109
Exp2A_GroupKFold,qwen25_14b,16,math,0.10269824314718856,0.8051645501848784,0.7024663070376899,1000,0.0722402547786275,0.13754187204052368,-0.002316581649161098,0.032,0.6029231079569419,0.6376049290831556,0.5636579407194303,1493,1563,0.5306828531783144,0.573798544785732,0.4924450094554475,,5,2370,4740,3623428245
Exp2A_GroupKFold,qwen25_14b,17,math,0.11246751104465613,0.8147358441109382,0.7022683330662821,1000,0.07684925394118336,0.14091173358357956,0.005950882143180978,0.012,0.6100047068028583,0.6466963074635437,0.5725163654385113,1493,1563,0.533155452861675,0.5734341995875596,0.49548148409555204,,5,2370,4740,1176844519
Exp2A_GroupKFold,qwen25_14b,18,math,0.12684195343298177,0.8235919400804207,0.6967499866474389,1000,0.08455740771304399,0.1504621716706813,0.01731977239061066,0.008,0.6210259607684926,0.6558984915542975,0.5828549196520038,1493,1563,0.5364685530554486,0.5738118800489964,0.49907617878306226,,5,2370,4740,140953976
Exp2A_GroupKFold,qwen25_14b,19,math,0.13127501361110505,0.8357306742068074,0.7044556605957023,1000,0.1337068211965059,0.20000945531686942,0.06736943103578616,0.0,0.6581302378463626,0.6915631370425794,0.6244849324582852,1493,1563,0.5244234166498567,0.5631449301644194,0.4835592631323369,,5,2370,4740,33001300
Exp2A_GroupKFold,qwen25_14b,20,math,0.14796934238585358,0.8610972243136074,0.7131278819277538,1000,0.1958029989058212,0.25543296693393436,0.12811386669332225,0.0,0.6993208755875863,0.7301717519096402,0.6662221901877569,1493,1563,0.5035178766817651,0.5470051561764939,0.46673582481655107,,5,2370,4740,2091127203
Exp2A_GroupKFold,qwen25_14b,21,math,0.15705190812933656,0.8761355663749881,0.7190836582456516,1000,0.240386202343621,0.300796755381769,0.18101821818199026,0.0,0.7260029463363347,0.7548136096964031,0.6962595142683112,1493,1563,0.48561674399271365,0.5246466185912606,0.44650927712917915,,5,2370,4740,1891400321
Exp2A_GroupKFold,qwen25_14b,22,math,0.15659520672865734,0.8811519907198269,0.7245567839911695,1000,0.2684803139498634,0.33637211933515837,0.2113674866717896,0.0,0.7387754977291204,0.7692452845550429,0.7099313549829772,1493,1563,0.47029518377925705,0.5106618029321844,0.42811890497055133,,5,2370,4740,2528867562
Exp2A_GroupKFold,qwen25_14b,23,math,0.15707230862820865,0.8900839342580045,0.7330116256297958,1000,0.29126857506128007,0.35017577448655113,0.22872008689593132,0.0,0.7506555903981221,0.7782627634383176,0.7224063361596804,1493,1563,0.45938701533684206,0.4999360925555604,0.4220651652783833,,5,2370,4740,69828847
Exp2A_GroupKFold,qwen25_14b,24,math,0.1557151159454151,0.8938854590172163,0.7381703430718012,1000,0.3194177012463859,0.3788792483883284,0.2570698023718852,0.0,0.7589138899586169,0.7856088864210409,0.7301154885806999,1493,1563,0.43949618871223095,0.47932459509527336,0.40124808085435887,,5,2370,4740,1767203246
Exp2A_GroupKFold,qwen25_14b,25,math,0.15501137008918042,0.8989480611465253,0.7439366910573448,1000,0.36328571515896163,0.4215351227167447,0.3001812894556224,0.0,0.7669521312036579,0.7938751912311557,0.7395700483888676,1493,1563,0.4036664160446963,0.4420551664382262,0.36661409821403257,,5,2370,4740,401923134
Exp2A_GroupKFold,qwen25_14b,26,math,0.15633252693774913,0.90581248919451,0.7494799622567608,1000,0.4035624996179544,0.46284823180056545,0.3466336385126725,0.0,0.7719462324182575,0.7988542244940967,0.7461701356864353,1493,1563,0.3683837328003032,0.40407045834709787,0.33180315418094863,,5,2370,4740,632263766
Exp2A_GroupKFold,qwen25_14b,27,math,0.1543274171209248,0.9161212891855868,0.761793872064662,1000,0.40475753852548707,0.4623929771768245,0.346934451884618,0.0,0.7799661354703441,0.8052353761622758,0.7554210556500884,1493,1563,0.37520859694485703,0.41391652599976947,0.3397859028746753,,5,2370,4740,1923788448
Exp2A_GroupKFold,qwen25_14b,28,math,0.14661088084673357,0.9183333612184689,0.7717224803717353,1000,0.4076610857432776,0.46581669195948,0.35227389935869474,0.0,0.7766285843526313,0.8017829598244672,0.7507757161202602,1493,1563,0.3689674986093537,0.4066756982996898,0.33510041401010443,,5,2370,4740,719576864
Exp2A_GroupKFold,qwen25_14b,29,math,0.14748822422253316,0.9165223889753328,0.7690341647527996,1000,0.4261307024139175,0.4787938973608419,0.36857051260695667,0.0,0.7723405035667785,0.7968932970886463,0.7466081582168368,1493,1563,0.34620980115286104,0.3794523319516847,0.3145472322098061,,5,2370,4740,3312756925
Exp2A_GroupKFold,qwen25_14b,30,math,0.14407903013974055,0.9139698952076606,0.76989086506792,1000,0.40256306810193593,0.4628878805381614,0.34365106868951695,0.0,0.7558972572176071,0.7828430082157535,0.7297629981845806,1493,1563,0.3533341891156712,0.38732499361115275,0.31884203206856787,,5,2370,4740,26181189
Exp2A_GroupKFold,qwen25_14b,31,math,0.14391157867204973,0.9081195937693454,0.7642080150972956,1000,0.40027996307910485,0.4591488121007572,0.3393485118872311,0.0,0.7505608430678574,0.7762650098578016,0.7222913730056788,1493,1563,0.35028087998875257,0.38617506028815607,0.3169980199162762,,5,2370,4740,2334461860
Exp2A_GroupKFold,qwen25_14b,32,math,0.14154871098394028,0.9062760516878873,0.764727340703947,1000,0.4013130146155398,0.46122089084608936,0.34246482020333,0.0,0.7501023882439958,0.7774688468412301,0.722720963006589,1493,1563,0.34878937362845597,0.3812665145796686,0.31452615657286676,,5,2370,4740,456575755
Exp2A_GroupKFold,qwen25_14b,33,math,0.14379348118663982,0.9038159134891555,0.7600224323025156,1000,0.39024897153301175,0.44856652112455725,0.33529439336476075,0.0,0.7377424461926855,0.7661552147837122,0.7120115604043539,1493,1563,0.34749347465967373,0.3782150613235158,0.3160492949880323,,5,2370,4740,2755162363
Exp2A_GroupKFold,qwen25_14b,34,math,0.14440519089523518,0.8995309720200549,0.7551257811248198,1000,0.39514221268636185,0.4565187114942277,0.3334750442965086,0.0,0.7319598026810438,0.7620877959906558,0.703193322434415,1493,1563,0.3368175899946819,0.3700522877287328,0.30386195466218696,,5,2370,4740,3994980361
Exp2A_GroupKFold,qwen25_14b,35,math,0.14269311574945864,0.9015186244820336,0.7588255087325749,1000,0.3835005165257682,0.4450362115751675,0.3249068881588359,0.0,0.7352790156058022,0.763857017712408,0.7074579751176922,1493,1563,0.351778499080034,0.38519020907154516,0.3183746696013493,,5,2370,4740,2800036286
Exp2A_GroupKFold,qwen25_14b,36,math,0.14602410077101957,0.9002321158683152,0.7542080150972956,1000,0.3932228151571278,0.45017743570185487,0.3359673153268929,0.0,0.733619409143423,0.7604287419701811,0.7055869669300672,1493,1563,0.34039659398629524,0.37174503981767526,0.3090871086767603,,5,2370,4740,553415124
Exp2A_GroupKFold,qwen25_14b,37,math,0.14549655345935197,0.8960140987245339,0.7505175452651819,1000,0.3875532571687052,0.44598604964789595,0.32567453273596136,0.0,0.7252480240597091,0.7530608309977141,0.6959191078218598,1493,1563,0.3376947668910039,0.3709522381062973,0.3068913405499959,,5,2370,4740,2236721562
Exp2A_GroupKFold,qwen25_14b,38,math,0.14398107262981175,0.8952908698489184,0.7513097972191066,1000,0.38513872842970054,0.4458115103856841,0.32118908904560123,0.0,0.7235425721149438,0.7533131310316563,0.6920690149135174,1493,1563,0.33840384368524323,0.37196160648954746,0.3064947004323252,,5,2370,4740,2656394659
Exp2A_GroupKFold,qwen25_14b,39,math,0.14279455583177703,0.894549794486551,0.751755238654774,1000,0.37965866510180757,0.4408563080996677,0.3144761946772916,0.0,0.7208529704816221,0.750233988125672,0.6883476586058829,1493,1563,0.34119430537981454,0.3751244802195318,0.309198966702164,,5,2370,4740,2264991540
Exp2A_GroupKFold,qwen25_14b,40,math,0.1434088359904696,0.8926761364586994,0.7492673004682298,1000,0.37925522485680935,0.439271059179951,0.3144522023524444,0.0,0.7197649043663238,0.7488824153689874,0.6885440899034848,1493,1563,0.34050967950951444,0.3740461918943402,0.3084258432921519,,5,2370,4740,744887626
Exp2A_GroupKFold,qwen25_14b,41,math,0.1444845322690117,0.8913449000875593,0.7468603678185476,1000,0.3802103390731877,0.44041892066807276,0.3193485602454871,0.0,0.7195280360406618,0.7479814471599756,0.6892866008438249,1493,1563,0.33931769696747416,0.37084437745528154,0.3086073568779445,,5,2370,4740,745414083
Exp2A_GroupKFold,qwen25_14b,42,math,0.145571886728029,0.8901414891777789,0.7445696024497499,1000,0.3778676349232546,0.43792679453987554,0.31595172351948303,0.0,0.7187624164848129,0.7488777656064516,0.6893033325873807,1493,1563,0.3408947815615583,0.373103818058925,0.30880540934433826,,5,2370,4740,3156678429
Exp2A_GroupKFold,qwen25_14b,43,math,0.1348389598035007,0.8858056852214359,0.7509667254179352,1000,0.3574847334543654,0.4169332009952852,0.29597402819610014,0.0,0.7128269546985506,0.741328476474702,0.6819043769563081,1493,1563,0.35534222124418524,0.39010064289391394,0.3227938334236205,,5,2370,4740,1469058648
Exp2A_GroupKFold,qwen25_14b,44,math,0.13937538086321044,0.8881937682299074,0.7488183873666969,1000,0.3422395823782191,0.40242716096727726,0.27835351590500435,0.0,0.7116899867353738,0.7399556598150264,0.6810507114079057,1493,1563,0.36945040435715465,0.40406771035534017,0.3348242721221683,,5,2370,4740,4103895475
Exp2A_GroupKFold,qwen25_14b,45,math,0.13265218733617068,0.8867548952355457,0.7541027078993751,1000,0.322058401031829,0.3861285470523757,0.25915496077866634,0.0,0.7138538935040007,0.7438955664298665,0.6833149645795722,1493,1563,0.39179549247217177,0.42989823196606686,0.35362954218736176,,5,2370,4740,2382091346
Exp2A_GroupKFold,qwen25_14b,46,math,0.1341140066783867,0.8915602848745448,0.7574462781961581,1000,0.27592867665486914,0.3385189595852879,0.20899967346880452,0.0,0.7093732616921262,0.7386666102129071,0.6768105673818521,1493,1563,0.4334445850372571,0.4726693304726936,0.3946367956171735,,5,2370,4740,547281389
Exp2A_GroupKFold,qwen25_14b,47,math,0.14610251365601568,0.9054096047560887,0.759307091100073,1000,0.31374814325796335,0.37566875883433065,0.25350805850946995,0.0,0.7249821202618694,0.7539044483979099,0.6962830369118846,1493,1563,0.411233977003906,0.4504017420197147,0.37512569001697477,,5,2370,4740,2452121921
Exp2A_GroupKFold,qwen25_14b,0,movies,-0.008531206659344481,0.5406373954599761,0.5491686021193206,1000,0.02826330532212884,0.09100451732549701,-0.04399133239576257,0.224,0.48516526610644256,0.5310447090571252,0.43427768265859057,1274,1340,0.4569019607843137,0.5099538526207598,0.40761215088414465,,5,1659,3320,3094174716
Exp2A_GroupKFold,qwen25_14b,1,movies,-0.0007387705158414803,0.5417855436081243,0.5425243141239657,1000,0.0192885154061625,0.08339352847474665,-0.05023774899037606,0.311,0.4781008403361345,0.5255819139189821,0.43107358335609697,1274,1340,0.458812324929972,0.5118518746710693,0.41233978153132983,,5,1659,3320,2200668603
Exp2A_GroupKFold,qwen25_14b,2,movies,-0.0054692504092458405,0.5475794504181601,0.553048700827406,1000,0.012778711484593863,0.07824191414863797,-0.059196116796125575,0.361,0.4804761904761905,0.53311115192389,0.4304178810011966,1274,1340,0.46769747899159664,0.5157445988741984,0.4186432326260297,,5,1659,3320,3561493641
Exp2A_GroupKFold,qwen25_14b,3,movies,-0.036672624513687135,0.5623667861409797,0.5990394106546668,1000,-0.015120448179271717,0.06625611701281556,-0.10341687490530842,0.622,0.4720392156862745,0.517881632633963,0.4246523961170753,1274,1340,0.4871596638655462,0.535539041623388,0.4383364531860484,,5,1659,3320,3886659664
Exp2A_GroupKFold,qwen25_14b,4,movies,-0.03161307955837678,0.5624080047789726,0.5940210843373493,1000,-0.018336134453781516,0.06794714022050066,-0.10041214437171322,0.678,0.47546778711484594,0.5260932016169791,0.42675839073717864,1274,1340,0.49380392156862746,0.5463842878307987,0.4448183843675061,,5,1659,3320,3144243724
Exp2A_GroupKFold,qwen25_14b,5,movies,-0.007499384591958536,0.5776929510155316,0.5851923356074902,1000,0.005652661064425746,0.08538024132027983,-0.08232093301042974,0.459,0.5074397759103642,0.5535141260832164,0.45803433290021633,1274,1340,0.5017871148459384,0.5536881738575877,0.4531739180318286,,5,1659,3320,3213731801
Exp2A_GroupKFold,qwen25_14b,6,movies,0.002991067348376064,0.5782407407407407,0.5752496733923647,1000,0.007036414565826377,0.0922229296307292,-0.07477175413738103,0.426,0.5093501400560224,0.5626489477044231,0.4591012336591612,1274,1340,0.502313725490196,0.5508624605045003,0.456417527444692,,5,1659,3320,2142446829
Exp2A_GroupKFold,qwen25_14b,7,movies,-0.0320338511709749,0.5628046594982079,0.5948385106691828,1000,-0.005837535014005635,0.08552898524957216,-0.09489133545405422,0.545,0.493266106442577,0.5447079532148199,0.44584429603555314,1274,1340,0.49910364145658265,0.5475613703392112,0.4472226298942048,,5,1659,3320,2847736902
Exp2A_GroupKFold,qwen25_14b,8,movies,-0.04261877141072823,0.565405615292712,0.6080243867034403,1000,-0.002218487394958002,0.08867079384409339,-0.09778190187394357,0.518,0.49358543417366946,0.5429240240469935,0.4433958985438319,1274,1340,0.49580392156862746,0.5425371351998604,0.4486122251274922,,5,1659,3320,3186625161
Exp2A_GroupKFold,qwen25_14b,9,movies,-0.041222945849121784,0.5674307048984468,0.6086536507475686,1000,0.004537815126050393,0.09431558382846802,-0.08462463845746077,0.485,0.5000224089635854,0.5458931778626676,0.45009918671268623,1274,1340,0.495484593837535,0.5403897450071663,0.4462910792725432,,5,1659,3320,936924959
Exp2A_GroupKFold,qwen25_14b,10,movies,-0.03011594419306096,0.5743070489844684,0.6044229931775293,1000,0.006672268907563006,0.10185513041926252,-0.08414894185954164,0.433,0.5052997198879552,0.555893597113503,0.4563281803662444,1274,1340,0.4986274509803922,0.5434471845812107,0.4501449638868214,,5,1659,3320,2910041099
Exp2A_GroupKFold,qwen25_14b,11,movies,-0.024974343459253867,0.5756385902031064,0.6006129336623602,1000,-8.963585434174082e-05,0.09402092950916593,-0.08939667210567806,0.478,0.5019383753501401,0.5516754256194556,0.45013231792284497,1274,1340,0.5020280112044818,0.5505276083707132,0.4554401065490569,,5,1659,3320,2742823956
Exp2A_GroupKFold,qwen25_14b,12,movies,-0.02917111838119857,0.5816744324970131,0.6108455508782117,1000,-0.005557422969187709,0.08864292894772197,-0.09758950066338555,0.537,0.4998319327731092,0.5485716426938754,0.45159416189420504,1274,1340,0.5053893557422969,0.5523218933237954,0.45963379056460724,,5,1659,3320,3743793477
Exp2A_GroupKFold,qwen25_14b,13,movies,-0.03506674346043326,0.6101720430107527,0.6452387864711859,1000,0.033142857142857196,0.1185297690971645,-0.057346856323031915,0.265,0.5222689075630252,0.5680397388437564,0.47359228993973335,1274,1340,0.48912605042016805,0.5355066423720604,0.4426631908268118,,5,1659,3320,3413207769
Exp2A_GroupKFold,qwen25_14b,14,movies,-0.03715292425911276,0.6199689366786141,0.6571218609377268,1000,0.06017366946778707,0.15491385867637664,-0.03327635503882309,0.102,0.5381064425770308,0.583742245622987,0.4907860679777886,1274,1340,0.4779327731092437,0.524684227292415,0.43064925526450953,,5,1659,3320,3004705453
Exp2A_GroupKFold,qwen25_14b,15,movies,-0.027816505734472252,0.6404020310633214,0.6682185367977936,1000,0.09531092436974786,0.1899038186326661,0.007384785801732257,0.014,0.5593669467787115,0.607273026073871,0.5129883891033962,1274,1340,0.4640560224089636,0.5110163970751005,0.4179262831230056,,5,1659,3320,2415117556
Exp2A_GroupKFold,qwen25_14b,16,movies,-0.030797793583974387,0.641,0.6717977935839744,1000,0.10711484593837539,0.20204206510494452,0.01780412595581229,0.014,0.5657310924369748,0.6134396313637721,0.5163049827405816,1274,1340,0.45861624649859944,0.5059393674851143,0.40911905907062124,,5,1659,3320,1907468159
Exp2A_GroupKFold,qwen25_14b,17,movies,-0.03123760256728425,0.6382365591397849,0.6694741617070692,1000,0.1172380952380952,0.20965985829284128,0.02797843081170672,0.005,0.5711204481792717,0.6196286474258508,0.5230744062150777,1274,1340,0.45388235294117646,0.5025395478401704,0.405509080536885,,5,1659,3320,3823105995
Exp2A_GroupKFold,qwen25_14b,18,movies,-0.026166421006390328,0.6475830346475507,0.6737494556539411,1000,0.12181512605042016,0.2087726234653639,0.03042925319706262,0.008,0.5769243697478992,0.6237962580404014,0.5247479856176502,1274,1340,0.455109243697479,0.5047315398074572,0.40621328764414627,,5,1659,3320,1691900056
Exp2A_GroupKFold,qwen25_14b,19,movies,-0.011837548752682281,0.6721768219832736,0.6840143707359558,1000,0.1452100840336134,0.23551352788854013,0.05044936802758002,0.002,0.5951820728291316,0.6432164078043147,0.5434833738563118,1274,1340,0.4499719887955182,0.498053754891195,0.4019297042278569,,5,1659,3320,523626663
Exp2A_GroupKFold,qwen25_14b,20,movies,0.030524457201782873,0.7240931899641577,0.6935687327623749,1000,0.19647058823529406,0.2855711490008236,0.10874260244647514,0.0,0.6326442577030812,0.67874154084696,0.5867181615245086,1274,1340,0.43617366946778713,0.4813833010246601,0.3880697680786894,,5,1659,3320,1625498438
Exp2A_GroupKFold,qwen25_14b,21,movies,0.048978777397450934,0.7570663082437276,0.7080875308462766,1000,0.2244537815126051,0.31714538590749847,0.13596759663682023,0.0,0.655467787114846,0.7053911471835863,0.6089827393120629,1274,1340,0.4310140056022409,0.47668884868050065,0.3862032433452346,,5,1659,3320,1053551032
Exp2A_GroupKFold,qwen25_14b,22,movies,0.05519912313242259,0.7648148148148148,0.7096156916823922,1000,0.20119327731092435,0.28951802025424095,0.11422715960380675,0.0,0.6542128851540616,0.7013106339312988,0.6079967996822835,1274,1340,0.4530196078431373,0.4970739267554717,0.40797381767519725,,5,1659,3320,3639698155
Exp2A_GroupKFold,qwen25_14b,23,movies,0.06045248116879143,0.7763219832735961,0.7158695021048047,1000,0.24142857142857144,0.3268877874049656,0.14868685278075405,0.0,0.6711932773109244,0.7174463122990186,0.6231604386480176,1274,1340,0.42976470588235294,0.4766833503349986,0.38747071431720004,,5,1659,3320,1866443635
Exp2A_GroupKFold,qwen25_14b,24,movies,0.06111236984904689,0.7792467144563919,0.718134344607345,1000,0.2538375350140056,0.3408893960101345,0.1647399024144989,0.0,0.6786442577030812,0.7255118062320138,0.632493082192317,1274,1340,0.42480672268907566,0.4702220220232241,0.3806555195856729,,5,1659,3320,250686041
Exp2A_GroupKFold,qwen25_14b,25,movies,0.07462664155781051,0.7966810035842294,0.7220543620264189,1000,0.2696526610644257,0.3549953926177965,0.17521685544056814,0.0,0.6971596638655462,0.7409641612408039,0.6491851346127169,1274,1340,0.4275070028011205,0.4757745521779195,0.38282543544980635,,5,1659,3320,3196772962
Exp2A_GroupKFold,qwen25_14b,26,movies,0.10482346625349259,0.8399163679808841,0.7350929017273915,1000,0.3500896358543418,0.43680259499088536,0.26640278871867124,0.0,0.7468179271708684,0.790326050826344,0.7047928407565922,1274,1340,0.3967282913165266,0.44118626846179004,0.3499749735323686,,5,1659,3320,3669991129
Exp2A_GroupKFold,qwen25_14b,27,movies,0.12883692267883995,0.872857825567503,0.7440209028886631,1000,0.4169131652661065,0.5001163008473012,0.3264246537677612,0.0,0.7909691876750701,0.8309646182466023,0.7448638193777544,1274,1340,0.3740560224089636,0.42658000926097667,0.32640620050269364,,5,1659,3320,1836442096
Exp2A_GroupKFold,qwen25_14b,28,movies,0.13924345245558822,0.8868142174432497,0.7475707649876615,1000,0.44978711484593836,0.526983455916494,0.37438524324409667,0.0,0.8118543417366947,0.8498729771182483,0.77469894758544,1274,1340,0.3620672268907563,0.40752240750332325,0.31855042515517873,,5,1659,3320,2136840557
Exp2A_GroupKFold,qwen25_14b,29,movies,0.15220281046455553,0.9014516129032258,0.7492488024386703,1000,0.4797086834733893,0.5498885955598269,0.40401226971124354,0.0,0.8385602240896358,0.8715426409220002,0.8020551522729138,1274,1340,0.3588515406162465,0.4047009825505545,0.3149208159247454,,5,1659,3320,2409911319
Exp2A_GroupKFold,qwen25_14b,30,movies,0.15414872991122408,0.9048476702508961,0.750698940339672,1000,0.5258767507002801,0.5948289826887405,0.454702906745593,0.0,0.8495910364145658,0.8792884492985238,0.8168189844680502,1274,1340,0.32371428571428573,0.3700171091604722,0.28058644323721166,,5,1659,3320,1232182978
Exp2A_GroupKFold,qwen25_14b,31,movies,0.15219421981227144,0.9043781362007168,0.7521839163884454,1000,0.5602521008403362,0.6209163347687091,0.49038331637365973,0.0,0.8525378151260504,0.8803289212398069,0.8205805880285731,1274,1340,0.29228571428571426,0.33513839947152657,0.25249911893280785,,5,1659,3320,3477178149
Exp2A_GroupKFold,qwen25_14b,32,movies,0.14820011808689182,0.9012622461170848,0.753062128030193,1000,0.5613165266106442,0.6290047628837719,0.49641208343661813,0.0,0.8465210084033613,0.8762711517935612,0.8170824301422808,1274,1340,0.28520448179271707,0.3243663330205401,0.24320064521442458,,5,1659,3320,1886625597
Exp2A_GroupKFold,qwen25_14b,33,movies,0.1477823897394649,0.8982610513739546,0.7504786616344897,1000,0.5647338935574231,0.6312291806760746,0.49333314965442177,0.0,0.8414229691876751,0.8713817029089893,0.8074115537281589,1274,1340,0.2766890756302521,0.3195806283130253,0.23792082195810915,,5,1659,3320,2241873701
Exp2A_GroupKFold,qwen25_14b,34,movies,0.1421664497953813,0.8886278375149342,0.746461387719553,1000,0.5827787114845938,0.6454851483989823,0.5194645529764351,0.0,0.8280672268907563,0.8573920336645854,0.796504360834677,1274,1340,0.24528851540616248,0.28269178770201064,0.2085220630998074,,5,1659,3320,3089716563
Exp2A_GroupKFold,qwen25_14b,35,movies,0.13673436276522066,0.880836917562724,0.7441025547975033,1000,0.5716694677871148,0.636861597940227,0.5040213996046679,0.0,0.8148571428571428,0.848983914692529,0.7814465131663609,1274,1340,0.243187675070028,0.2803955913101109,0.20406876831929574,,5,1659,3320,3665961003
Exp2A_GroupKFold,qwen25_14b,36,movies,0.1325459072547044,0.8725919952210275,0.7400460879663231,1000,0.5675798319327731,0.6289382778427826,0.4975617926947143,0.0,0.8059551820728291,0.8384454168577364,0.7704021786178041,1274,1340,0.23837535014005604,0.27793485034769866,0.2035276854681318,,5,1659,3320,303247404
Exp2A_GroupKFold,qwen25_14b,37,movies,0.1324455826501585,0.8684772998805257,0.7360317172303672,1000,0.5559943977591036,0.6162001623997245,0.4842452181151558,0.0,0.799563025210084,0.8323123969887594,0.7638143978999027,1274,1340,0.2435686274509804,0.2824130111684936,0.20874439777196557,,5,1659,3320,3998818312
Exp2A_GroupKFold,qwen25_14b,38,movies,0.13358238481411944,0.8671816009557946,0.7335992161416751,1000,0.5713781512605043,0.6351945654330943,0.5048302774861099,0.0,0.8013501400560225,0.8345636894402465,0.7661112998685085,1274,1340,0.2299719887955182,0.26620289858807034,0.19433248838346204,,5,1659,3320,3005038906
Exp2A_GroupKFold,qwen25_14b,39,movies,0.1303388877009094,0.8621170848267622,0.7317781971258528,1000,0.5671148459383754,0.6285312629317996,0.5017595237802599,0.0,0.7949859943977591,0.8292057116831979,0.7600244505513308,1274,1340,0.22787114845938375,0.2638102345403283,0.19349427370566982,,5,1659,3320,3036998254
Exp2A_GroupKFold,qwen25_14b,40,movies,0.12949861968927667,0.8603082437275986,0.730809624038322,1000,0.5576806722689076,0.6268876787427252,0.4859151076447213,0.0,0.7896022408963586,0.8274262911710275,0.7527969648977922,1274,1340,0.23192156862745097,0.27171097487933726,0.19720016091356543,,5,1659,3320,2589880764
Exp2A_GroupKFold,qwen25_14b,41,movies,0.12390623755114605,0.853041816009558,0.7291355784584119,1000,0.5468683473389355,0.6132136829224205,0.47580505566991393,0.0,0.7803137254901961,0.8153360687573497,0.7423116106036005,1274,1340,0.2334453781512605,0.27059059017928383,0.1983208229902439,,5,1659,3320,1465288487
Exp2A_GroupKFold,qwen25_14b,42,movies,0.12186046973227793,0.8507060931899642,0.7288456234576862,1000,0.5433781512605043,0.6101736741428366,0.4691083981034032,0.0,0.7761512605042017,0.8139937683866898,0.7365473105291206,1274,1340,0.23277310924369748,0.27118760889462634,0.1960549704246701,,5,1659,3320,4189668553
Exp2A_GroupKFold,qwen25_14b,43,movies,0.11538303032920205,0.843726403823178,0.7283433734939759,1000,0.53206162464986,0.5977904848261019,0.4649685627870763,0.0,0.7672885154061625,0.8016283933742734,0.7294304593987805,1274,1340,0.23522689075630251,0.27018609562118473,0.20171238223237367,,5,1659,3320,1995150450
Exp2A_GroupKFold,qwen25_14b,44,movies,0.11221289632338571,0.8413219832735962,0.7291090869502105,1000,0.5255910364145658,0.5916952334975931,0.4557877609175178,0.0,0.7622128851540616,0.7991428100461662,0.7227899772318056,1274,1340,0.2366218487394958,0.27577737799026975,0.20153832577551628,,5,1659,3320,1469980606
Exp2A_GroupKFold,qwen25_14b,45,movies,0.11350822723462828,0.8410967741935483,0.7275885469589201,1000,0.5325882352941176,0.6029336021730474,0.46531272957651043,0.0,0.7613109243697479,0.7997371264605149,0.7233590759530866,1274,1340,0.22872268907563026,0.2642961158588546,0.1957900093414027,,5,1659,3320,3496746230
Exp2A_GroupKFold,qwen25_14b,46,movies,0.11234872009521868,0.8380872162485066,0.7257384961532879,1000,0.49256022408963585,0.5604926518480798,0.42319829436326356,0.0,0.7540896358543417,0.7894840873405978,0.7147660757285498,1274,1340,0.2615294117647059,0.297834377620211,0.22425042436525436,,5,1659,3320,1110025709
Exp2A_GroupKFold,qwen25_14b,47,movies,0.10746914617922398,0.8325878136200717,0.7251186674408477,1000,0.4612773109243698,0.5254200666846327,0.39169759820069733,0.0,0.7496470588235294,0.788909550604601,0.7079000554388002,1274,1340,0.28836974789915965,0.3294444520399862,0.25056926740193963,,5,1659,3320,1552583072
Exp2A_GroupKFold,olmo3_7b_it,0,math,0.08111683097050826,0.5969664692599378,0.5158496382894295,1000,0.055516881308736554,0.12944766944587696,-0.02549216050254997,0.086,0.6215193177862861,0.6821685507335781,0.5532006575799366,318,325,0.5660024364775496,0.6349439903878467,0.5018770085677721,,5,362,724,1564998927
Exp2A_GroupKFold,olmo3_7b_it,1,math,0.07780966587990634,0.6317839035405394,0.553974237660633,1000,0.07783675600417683,0.17791802580020866,-0.02260510170450895,0.055,0.6193003828750435,0.6796432991810548,0.5559871335515297,318,325,0.5414636268708667,0.6052392145743135,0.4781636276686461,,5,362,724,1583319279
Exp2A_GroupKFold,olmo3_7b_it,2,math,0.08532364481106813,0.6406714669166205,0.5553478221055523,1000,0.08719108945353293,0.1833392804004506,-0.012488325360665785,0.048,0.6222154542290289,0.6848452382924244,0.5560031166531625,318,325,0.535024364775496,0.6020430847285967,0.47063340413433236,,5,362,724,2060523038
Exp2A_GroupKFold,olmo3_7b_it,3,math,0.08836003750238808,0.6540326360189169,0.5656725985165288,1000,0.08371040723981893,0.1859410088865148,-0.01543057959211378,0.054,0.6294813783501566,0.6898549172597441,0.5660360980083857,318,325,0.5457709711103377,0.6069617114442432,0.4848632147490665,,5,362,724,1029831117
Exp2A_GroupKFold,olmo3_7b_it,4,math,0.1066710408121142,0.6759149588854331,0.5692439180733189,1000,0.08653846153846156,0.17898395536030293,-0.00018385894138946049,0.026,0.6718151757744518,0.7338655286657852,0.6115778643499429,318,325,0.5852767142359903,0.64870468548255,0.5179520871009621,,5,362,724,2372326253
Exp2A_GroupKFold,olmo3_7b_it,5,math,0.12148797423011248,0.6882365472284947,0.5667485729983822,1000,0.10111381830838839,0.18603699223059145,0.008653980157628636,0.018,0.6760790114862513,0.7339055797279417,0.6133913133605279,318,325,0.5749651931778629,0.6471124012204953,0.5119600918181649,,5,362,724,319722524
Exp2A_GroupKFold,olmo3_7b_it,6,math,0.141342083356498,0.717804950790337,0.576462867433839,1000,0.1297424295161851,0.2215225030768352,0.03747560663643851,0.005,0.6944831186912634,0.7545156927246104,0.6327797404723953,318,325,0.5647406891750784,0.6309581154306464,0.5016972516781123,,5,362,724,1763255337
Exp2A_GroupKFold,olmo3_7b_it,7,math,0.15619797287757664,0.748762302415747,0.5925643295381704,1000,0.16554994778976673,0.2614183379712195,0.06719016618934612,0.003,0.709014966933519,0.7649810082263325,0.6471452110332925,318,325,0.5434650191437522,0.6096568580946341,0.4788778061295802,,5,362,724,894934920
Exp2A_GroupKFold,olmo3_7b_it,8,math,0.17550162095891497,0.7719654041157172,0.5964637831568023,1000,0.19852941176470584,0.2935748810091333,0.10130612632082546,0.0,0.7264183780020884,0.7824419642857143,0.6654163919405338,318,325,0.5278889662373826,0.5910665258225443,0.45927268081088046,,5,362,724,3696505749
Exp2A_GroupKFold,olmo3_7b_it,9,math,0.1885152008691895,0.792007157769162,0.6034919568999725,1000,0.20422902888966243,0.30980371015314734,0.10465656905802875,0.0,0.7346414897319875,0.7891022242621768,0.6786980150922283,318,325,0.5304124608423251,0.5951770728381546,0.4592330964685616,,5,362,724,1235497615
Exp2A_GroupKFold,olmo3_7b_it,10,math,0.1969534783434328,0.804848536491841,0.6078950581484082,1000,0.21084232509571876,0.3079023237712071,0.10934097062227037,0.0,0.7450835363731292,0.7956950031789181,0.6907893962779788,318,325,0.5342412112774104,0.6007454951966286,0.4645361718056788,,5,362,724,3224059904
Exp2A_GroupKFold,olmo3_7b_it,11,math,0.2175774046947374,0.8289293170295258,0.6113519123347884,1000,0.25047859380438564,0.35146813881240774,0.15401026102995782,0.0,0.768795683954055,0.8175790196162108,0.7143472563806295,318,325,0.5183170901496693,0.5788147891405556,0.4503096373124488,,5,362,724,1597357661
Exp2A_GroupKFold,olmo3_7b_it,12,math,0.25185889641726344,0.8632184397767457,0.6113595433594823,1000,0.30290636964845113,0.3940768181096184,0.20979922114162639,0.0,0.8020361990950227,0.8496460186016154,0.7513535801728162,318,325,0.4991298294465715,0.5624957761876483,0.4324403849447851,,5,362,724,585478375
Exp2A_GroupKFold,olmo3_7b_it,13,math,0.2802522426027799,0.8931532529504494,0.6129010103476695,1000,0.3880525583014271,0.48500077728410296,0.2921736960584438,0.0,0.8389314305603899,0.8825216803384234,0.789451475663266,318,325,0.4508788722589628,0.5137322111248426,0.38602423868563457,,5,362,724,2037456098
Exp2A_GroupKFold,olmo3_7b_it,14,math,0.28093307306078097,0.8922926164202633,0.6113595433594823,1000,0.39653672119735467,0.49142360409700403,0.3018824691553585,0.0,0.8387138879220327,0.879352617411186,0.7942518015930583,318,325,0.44217716672467805,0.5068287083586563,0.37933663828843034,,5,362,724,1757614036
Exp2A_GroupKFold,olmo3_7b_it,15,math,0.29136609122149093,0.8987346086660134,0.6073685174445225,1000,0.39166376609815523,0.48613474693958375,0.2905820147865602,0.0,0.8477636616776888,0.8867254997714021,0.8018754098911274,318,325,0.45609989557953357,0.522394338105425,0.39080806541502233,,5,362,724,127582726
Exp2A_GroupKFold,olmo3_7b_it,16,math,0.31446017204056254,0.9163648758041839,0.6019047037636214,1000,0.4269056735120084,0.5229383645414575,0.33376760056599736,0.0,0.8729550991994431,0.9096683060050804,0.8314286651122121,318,325,0.4460494256874347,0.5106327261737051,0.37864361978554884,,5,362,724,1544990921
Exp2A_GroupKFold,olmo3_7b_it,17,math,0.3306960749115875,0.9366452217630267,0.6059491468514392,1000,0.47820222763661674,0.5594581873197813,0.3918251649836746,0.0,0.8973198746954403,0.928257008584066,0.8607526394362157,318,325,0.41911764705882354,0.4819789093461229,0.3560673905343023,,5,362,724,1704822908
Exp2A_GroupKFold,olmo3_7b_it,18,math,0.3507497143793713,0.9604533253802565,0.6097036110008852,1000,0.5250174034110686,0.5972853976365179,0.4404846929035416,0.0,0.9263835711799513,0.9519157260800748,0.8948894056394057,318,325,0.4013661677688827,0.4659742575029539,0.34144046742730955,,5,362,724,2652136060
Exp2A_GroupKFold,olmo3_7b_it,19,math,0.3534387745979014,0.9596779003877125,0.6062391257898111,1000,0.5184911242603549,0.592162460450595,0.43846261972475564,0.0,0.9272102332057083,0.9530900681506723,0.8977773423005566,318,325,0.4087191089453533,0.4743443779370085,0.34412931224474336,,5,362,724,870638731
Exp2A_GroupKFold,olmo3_7b_it,20,math,0.35125368772007515,0.9565847215713007,0.6053310338512256,1000,0.514183780020884,0.5951156859645294,0.4355076234448804,0.0,0.9238165680473372,0.9511997449696341,0.8909325442276603,318,325,0.4096327880264532,0.4722266806658874,0.3422436016955844,,5,362,724,1591393640
Exp2A_GroupKFold,olmo3_7b_it,21,math,0.3534180890621207,0.957215286949853,0.6037971978877323,1000,0.5091802993386704,0.5913873642679487,0.42544271039884135,0.0,0.9250348068221371,0.9515470540965476,0.8960526358841674,318,325,0.41585450748346675,0.4832702092269729,0.3542594712796263,,5,362,724,1027160798
Exp2A_GroupKFold,olmo3_7b_it,22,math,0.35104832761524185,0.9543266158237825,0.6032782882085407,1000,0.5015663069961713,0.58286234965206,0.42039730344899656,0.0,0.9196397493908807,0.9481424977466258,0.8884343547077922,318,325,0.41807344239470934,0.48402640050750706,0.35606331309028355,,5,362,724,2827705712
Exp2A_GroupKFold,olmo3_7b_it,23,math,0.3578523709681183,0.9629926292019939,0.6051402582338756,1000,0.5340236686390533,0.6111780977203031,0.4561562026720678,0.0,0.9319961712495649,0.9583478727104104,0.9018076941320577,318,325,0.39797250261051165,0.4619543041680995,0.3379861452327058,,5,362,724,3270915038
Exp2A_GroupKFold,olmo3_7b_it,24,math,0.3584755744610095,0.9628222061267095,0.6043466316657,1000,0.5334580577793246,0.6058774641441115,0.4514219454237073,0.0,0.933040375913679,0.9576157096682275,0.9037281644087403,318,325,0.39958231813435435,0.4674767167955892,0.339753028319902,,5,362,724,2207229286
Exp2A_GroupKFold,olmo3_7b_it,25,math,0.35687882732985243,0.9603936773039069,0.6035148499740545,1000,0.5291072050121823,0.6116891829963328,0.4459429063811726,0.0,0.9292551340062652,0.9551539947832453,0.9001368344325633,318,325,0.40014792899408286,0.463818680645137,0.3386031630935756,,5,362,724,2277592593
Exp2A_GroupKFold,olmo3_7b_it,26,math,0.3543528471582347,0.9595159984661923,0.6051631513079576,1000,0.5333710407239819,0.6097826636503871,0.4549208718664782,0.0,0.9279933867037939,0.9527724722845526,0.8980815798072579,318,325,0.39462234597981205,0.4564044930894762,0.3343281700097531,,5,362,724,3264086187
Exp2A_GroupKFold,olmo3_7b_it,27,math,0.35468275204957234,0.9600443099995739,0.6053615579500016,1000,0.5412895927601811,0.6210674274442731,0.45810938664568923,0.0,0.9297772363383223,0.9552643828572887,0.8978901596795952,318,325,0.3884876435781413,0.4548435031243253,0.3261676213462054,,5,362,724,4250541451
Exp2A_GroupKFold,olmo3_7b_it,28,math,0.35309157711729144,0.9589109965489327,0.6058194194316413,1000,0.5415506439262094,0.6182538819466413,0.46503604642638335,0.0,0.9289070657848938,0.9541483310557233,0.899741537142057,318,325,0.3873564218586843,0.44527747274474966,0.3259236108880501,,5,362,724,3436347097
Exp2A_GroupKFold,olmo3_7b_it,29,math,0.34777496044387757,0.9564483831110733,0.6086734226671957,1000,0.5479899060215803,0.6230033494127873,0.47150651965869356,0.0,0.9272972502610511,0.9521863784663335,0.8969692213615981,318,325,0.37930734423947093,0.4380418193469443,0.3158615961011141,,5,362,724,2915377015
Exp2A_GroupKFold,olmo3_7b_it,30,math,0.3381420500365786,0.9502875889395425,0.6121455389029639,1000,0.5603028193525931,0.6362862021778919,0.475253331001815,0.0,0.9215541246084232,0.9499491248853014,0.890615219911204,318,325,0.36125130525583016,0.430216841128056,0.3010216443976518,,5,362,724,2047196439
Exp2A_GroupKFold,olmo3_7b_it,31,math,0.33954044709755904,0.949648502407226,0.6101080553096669,1000,0.5523407587887226,0.6277799234539558,0.47293481390976094,0.0,0.9250783153498086,0.9526828231292517,0.8906467235070851,318,325,0.372737556561086,0.4383131815975386,0.3086367941095306,,5,362,724,3650782471
Exp2A_GroupKFold,olmo3_7b_it,0,movies,0.031838917935424815,0.6798564639705169,0.6480175460350921,1000,0.053214933886440274,0.14026533347257034,-0.040089318268629735,0.125,0.6320326678765881,0.7031262605686072,0.5583840992490186,249,249,0.5788177339901478,0.6518422047502367,0.5107697211900045,,5,508,1016,849275761
Exp2A_GroupKFold,olmo3_7b_it,1,movies,0.04299095740127279,0.7107904180001939,0.6677994605989211,1000,0.07071558205859474,0.17273575622660986,-0.02317226890756294,0.081,0.6203007518796992,0.6915234120374749,0.5519155880349369,249,249,0.5495851698211045,0.6224171669418983,0.4798804003559639,,5,508,1016,545131426
Exp2A_GroupKFold,olmo3_7b_it,2,movies,0.05993575627244363,0.7552283968577248,0.6952926405852812,1000,0.10480943738656989,0.1985450171770926,0.013984571194032345,0.012,0.6530334456831735,0.7191800329756654,0.5881592963255583,249,249,0.5482240082966036,0.6132383492835947,0.47911660464292044,,5,508,1016,3546622392
Exp2A_GroupKFold,olmo3_7b_it,3,movies,0.035854527983423146,0.8088681990107652,0.7730136710273421,1000,0.20858179932590099,0.33989187754431655,0.07290799985921943,0.001,0.6317733990147784,0.6967028293826855,0.5615331652617405,249,249,0.4231915996888774,0.49573172043010755,0.35278685120480957,,5,508,1016,505707605
Exp2A_GroupKFold,olmo3_7b_it,4,movies,0.040321574232034085,0.8219610125109107,0.7816394382788766,1000,0.2654264972776769,0.3963259978565636,0.12654999995775054,0.0,0.6539408866995073,0.718504831550359,0.583620571590266,249,249,0.3885143894218304,0.46152303991207294,0.3198178187403994,,5,508,1016,601279407
Exp2A_GroupKFold,olmo3_7b_it,5,movies,0.041241684679082624,0.8269692561342256,0.7857275714551429,1000,0.270028519574799,0.3963411318984149,0.1238185034779462,0.0,0.6573113819030334,0.72012109201003,0.5829235855461588,249,249,0.3872828623282344,0.4619285066799698,0.3235111394170946,,5,508,1016,3312764928
Exp2A_GroupKFold,olmo3_7b_it,6,movies,0.04389921052754531,0.8332382892057026,0.7893390786781573,1000,0.281630801140783,0.42243510687031777,0.14451128317402775,0.0,0.6648301788955147,0.734105660043432,0.5971026814911706,249,249,0.3831993777547317,0.4551062711597138,0.3090771441622888,,5,508,1016,4086591048
Exp2A_GroupKFold,olmo3_7b_it,7,movies,0.05509568571556889,0.8484880225002425,0.7933923367846736,1000,0.3366606170598911,0.45918931054106127,0.20199965307223808,0.0,0.6895903551983407,0.7534621017013219,0.6232272139625081,249,249,0.3529297381384496,0.42301028778582955,0.28952293507795684,,5,508,1016,2153282500
Exp2A_GroupKFold,olmo3_7b_it,8,movies,0.05382556943079164,0.8492794103384734,0.7954538409076818,1000,0.3208452164894996,0.4483333820349653,0.18806669104813445,0.0,0.6829789992221934,0.7496852083333193,0.6187397944213192,249,249,0.3621337827326938,0.4319979341177776,0.2963746441154949,,5,508,1016,879691832
Exp2A_GroupKFold,olmo3_7b_it,9,movies,0.07074388504610585,0.873529240616817,0.8027853555707112,1000,0.370106300233342,0.49509042403266934,0.2423375109009426,0.0,0.7152579725175007,0.7782872178971922,0.6475300059417707,249,249,0.34515167228415866,0.41102101078516173,0.27909442662864875,,5,508,1016,3796947915
Exp2A_GroupKFold,olmo3_7b_it,10,movies,0.08202291687776087,0.8863737755794783,0.8043508587017174,1000,0.4248768472906404,0.5420328293900649,0.30608443638051436,0.0,0.7453331604874255,0.8027564475435366,0.6842733444486407,249,249,0.3204563131967851,0.38422123311242906,0.2527618083892765,,5,508,1016,719961664
Exp2A_GroupKFold,olmo3_7b_it,11,movies,0.10333686430683897,0.9153098632528368,0.8119729989459978,1000,0.4887218045112782,0.606982445952279,0.3613827101249325,0.0,0.782538242157117,0.8420434152988352,0.7207607142262064,249,249,0.29381643764583876,0.3627718119762892,0.2300184559708669,,5,508,1016,18091648
Exp2A_GroupKFold,olmo3_7b_it,12,movies,0.1117350929823574,0.930121229754631,0.8183861367722736,1000,0.5141949701840809,0.6342233794798809,0.39986802618901973,0.0,0.8040575576873218,0.8612525668642409,0.7476872446226197,249,249,0.28986258750324084,0.35029929221105693,0.22640071409231521,,5,508,1016,976585074
Exp2A_GroupKFold,olmo3_7b_it,13,movies,0.11701786301982064,0.9415148870138687,0.824497023994048,1000,0.5374643505315011,0.6525343996016504,0.40603503994663065,0.0,0.8176043557168784,0.8706537570520274,0.7556736143885318,249,249,0.28014000518537724,0.3499502656540471,0.21678605800089176,,5,508,1016,4109938553
Exp2A_GroupKFold,olmo3_7b_it,14,movies,0.11888072535382777,0.9440675007273786,0.8251867753735508,1000,0.5237879180710397,0.6384276034632945,0.39659330980145385,0.0,0.8201970443349754,0.8749427940314113,0.7616467124817383,249,249,0.2964091262639357,0.3665353195507404,0.23128611632676452,,5,508,1016,2962854851
Exp2A_GroupKFold,olmo3_7b_it,15,movies,0.12176373131526208,0.9475278828435652,0.8257641515283031,1000,0.5340290381125227,0.6454292130563575,0.417082037325639,0.0,0.8294010889292196,0.8797685972265654,0.7736162230180188,249,249,0.29537205081669693,0.36316815809462866,0.23337431827252436,,5,508,1016,1936571142
Exp2A_GroupKFold,olmo3_7b_it,16,movies,0.128676293714725,0.9540451944525264,0.8253689007378014,1000,0.574410163339383,0.6841296262993352,0.46932106401304813,0.0,0.8519574799066633,0.8998758064516129,0.8012497113735659,249,249,0.27754731656728027,0.33512325845837676,0.2107076629101253,,5,508,1016,76512942
Exp2A_GroupKFold,olmo3_7b_it,17,movies,0.133048510394858,0.9585840364659102,0.8255355260710522,1000,0.5748638838475499,0.6778420223278998,0.46319243728854714,0.0,0.8662820845216489,0.9123371630869522,0.8149259888071433,249,249,0.291418200674099,0.3588657542527714,0.22881918691577782,,5,508,1016,3375339068
Exp2A_GroupKFold,olmo3_7b_it,18,movies,0.1361083680120032,0.9642556493065658,0.8281472812945626,1000,0.5910681877106561,0.6918892153750127,0.48112985351105775,0.0,0.8799585169821105,0.9232821447162936,0.8327724221299069,249,249,0.28889032927145447,0.35829090573694894,0.22776208868659673,,5,508,1016,914159885
Exp2A_GroupKFold,olmo3_7b_it,19,movies,0.13886385041851645,0.9645698768305693,0.8257060264120528,1000,0.5834197562872699,0.6887391503966317,0.4820451642301861,0.0,0.8799585169821105,0.9244910093951939,0.8332166366327531,249,249,0.29653876069484053,0.3604850019161557,0.23103917635040563,,5,508,1016,1141095060
Exp2A_GroupKFold,olmo3_7b_it,20,movies,0.14261999280375237,0.9656948889535447,0.8230748961497923,1000,0.5613170858179932,0.6699844789596051,0.45377955617179755,0.0,0.8820974850920404,0.9240248239753189,0.8342699404095629,249,249,0.32078039927404717,0.3893984599417838,0.25134404800422494,,5,508,1016,3507677906
Exp2A_GroupKFold,olmo3_7b_it,21,movies,0.14829251777260222,0.9687207836291339,0.8204282658565317,1000,0.5548353642727508,0.664607680587369,0.4443819604898482,0.0,0.8903292714544984,0.9331224503095471,0.8440715292459479,249,249,0.3354939071817475,0.40462029256146903,0.2653946833930705,,5,508,1016,2108185261
Exp2A_GroupKFold,olmo3_7b_it,22,movies,0.14833840530545972,0.968173794976239,0.8198353896707793,1000,0.5387606948405497,0.6492752912972944,0.43037449697831737,0.0,0.8894218304381644,0.9328312411057222,0.843603104809702,249,249,0.35066113559761475,0.41772058342098833,0.2780918848764404,,5,508,1016,3347952969
Exp2A_GroupKFold,olmo3_7b_it,23,movies,0.15226607330966568,0.9702143342061875,0.8179482608965218,1000,0.5265102411200415,0.6272077786999534,0.42073639621395764,0.0,0.8981073373087892,0.9381754472417685,0.8541136711730982,249,249,0.37159709618874776,0.4422704829472475,0.3030835087026193,,5,508,1016,1813421513
Exp2A_GroupKFold,olmo3_7b_it,24,movies,0.1547921526116547,0.9698341576956648,0.8150420050840101,1000,0.518796992481203,0.6159283326736156,0.41448196436960777,0.0,0.8957091003370495,0.9359098790979972,0.8491737610675402,249,249,0.3769121078558465,0.4465560673810809,0.3094125929875233,,5,508,1016,1796815199
Exp2A_GroupKFold,olmo3_7b_it,25,movies,0.15882830345526844,0.9718591795170206,0.8130308760617522,1000,0.5224267565465388,0.6182836641678104,0.41533357978857294,0.0,0.9013481980814104,0.9404098131500662,0.8585079403271694,249,249,0.3789214415348717,0.4538717708350825,0.3114744167869168,,5,508,1016,809054716
Exp2A_GroupKFold,olmo3_7b_it,26,movies,0.16630451844649208,0.973042381922219,0.806737863475727,1000,0.48924034223489754,0.5843101269067562,0.3866561689859042,0.0,0.9047835105003889,0.9428626655304074,0.8620072016947496,249,249,0.4155431682654913,0.48546640189448137,0.349956229939093,,5,508,1016,3302768668
Exp2A_GroupKFold,olmo3_7b_it,27,movies,0.16600572578751593,0.9726699641159926,0.8066642383284767,1000,0.49773139745916517,0.5996270316988229,0.3924705515139786,0.0,0.903876069484055,0.9447710371430843,0.8579280205862588,249,249,0.4061446720248898,0.48218132736708336,0.33306021068635744,,5,508,1016,731439699
Exp2A_GroupKFold,olmo3_7b_it,28,movies,0.1702950161593273,0.9723634952962855,0.8020684791369582,1000,0.48165672802696397,0.5852036148861302,0.3757251024582185,0.0,0.9044594244231268,0.9440541602828305,0.8562394149674935,249,249,0.4228026963961628,0.48883558780614705,0.3485025089155969,,5,508,1016,4094369945
Exp2A_GroupKFold,olmo3_7b_it,29,movies,0.17460467209267272,0.972941518766366,0.7983368466736933,1000,0.452164894996111,0.5565923290524124,0.34776938094757004,0.0,0.905107596577651,0.9455360896795365,0.8602996810602994,249,249,0.45294270158154004,0.5219249460085762,0.378433825635089,,5,508,1016,185257042
Exp2A_GroupKFold,olmo3_7b_it,30,movies,0.17066763795684514,0.9694578605372903,0.7987902225804452,1000,0.4544334975369458,0.5566448836171637,0.35439185607890156,0.0,0.8936349494425719,0.9344369362043543,0.8489231115904619,249,249,0.43920145190562615,0.5105101094100439,0.36490728558271507,,5,508,1016,3354254056
Exp2A_GroupKFold,olmo3_7b_it,31,movies,0.15821213734174144,0.9579827368829406,0.7997705995411991,1000,0.47504537205081665,0.5882179454406822,0.3604643613393448,0.0,0.8655690951516722,0.9112295827512146,0.813097743551385,249,249,0.3905237231008556,0.45876460772498484,0.318957989606255,,5,508,1016,2906930951
