path,rows,bytes,sha256,source,terms
data/processed/id/llama31_8b/math/all_pairs.jsonl,6788,7216251,b83059b975e19d46547613ed0e4c04ef770e0913a58d28bd6b51acb21e1c6c20,"Math mixture: DeepScaleR, GSM8K, ASDiv, SVAMP, MultiArith",mixed upstream terms; see docs/THIRD_PARTY.md
data/processed/id/llama31_8b/math/strict_pairs.jsonl,3078,3332494,066787e346135cbb7dfb458c6e43a4d850ab49a25f9c2a532f7cd52606c7a157,"Math mixture: DeepScaleR, GSM8K, ASDiv, SVAMP, MultiArith",mixed upstream terms; see docs/THIRD_PARTY.md
data/processed/id/llama31_8b/math/summary.json,,127,045566529ae4f480c7179ce26875045453d7d1a428ab6fcafe71c730b4b472a9,"Math mixture: DeepScaleR, GSM8K, ASDiv, SVAMP, MultiArith",mixed upstream terms; see docs/THIRD_PARTY.md
data/processed/id/llama31_8b/movies/all_pairs.jsonl,7364,3650892,5fe26b3a9a1fed14a3797fab205c445357707ee5087d095354a5de4e46d75d44,Movies QA from LLMs Know More Than They Show,MIT upstream repository; derived model responses
data/processed/id/llama31_8b/movies/strict_pairs.jsonl,5560,2901452,d3ee886de88671aa32618789f4d51b17b4089ccda709cbf938fd7740b3eb0ebf,Movies QA from LLMs Know More Than They Show,MIT upstream repository; derived model responses
data/processed/id/llama31_8b/movies/summary.json,,127,67cb5605fcba1475241edd4824ac33635e86e46ba0146ffefeeefdf0030bc471,Movies QA from LLMs Know More Than They Show,MIT upstream repository; derived model responses
data/processed/id/olmo3_7b_it/math/all_pairs.jsonl,3168,2844294,7a247e2c9e12c8d7a9c6febecc6cbe4720110559304ae239c6fe247c89d4347f,"Math mixture: DeepScaleR, GSM8K, ASDiv, SVAMP, MultiArith",mixed upstream terms; see docs/THIRD_PARTY.md
data/processed/id/olmo3_7b_it/math/strict_pairs.jsonl,724,651110,93b701bd698fe94af491d4fa4401046ea55e8ab9eae88d41d581a8a7f5fbc1ea,"Math mixture: DeepScaleR, GSM8K, ASDiv, SVAMP, MultiArith",mixed upstream terms; see docs/THIRD_PARTY.md
data/processed/id/olmo3_7b_it/math/summary.json,,124,2579f872f130d6f9a1142694437b4200239f6805a6eb592374ef39eda9c04fdb,"Math mixture: DeepScaleR, GSM8K, ASDiv, SVAMP, MultiArith",mixed upstream terms; see docs/THIRD_PARTY.md
data/processed/id/olmo3_7b_it/movies/all_pairs.jsonl,2186,1085674,0b55242ed3ce2b179d17b5d286905891626354c7561e52e19b7e035da0559e73,Movies QA from LLMs Know More Than They Show,MIT upstream repository; derived model responses
data/processed/id/olmo3_7b_it/movies/strict_pairs.jsonl,1016,530795,83b19d1ca935093a51f3588b82f50294279d4b0a69bbcecedd779c06e97a89e8,Movies QA from LLMs Know More Than They Show,MIT upstream repository; derived model responses
data/processed/id/olmo3_7b_it/movies/summary.json,,125,5dd79149e899745cdde73b1f3a8767806438de27959cadcbd4286f1eeaa2e66b,Movies QA from LLMs Know More Than They Show,MIT upstream repository; derived model responses
data/processed/id/qwen25_14b/math/all_pairs.jsonl,5210,5652157,a801bb4b096e07e13301ca77a42e1053841f0d51555fa94cef7295da9a0e834b,"Math mixture: DeepScaleR, GSM8K, ASDiv, SVAMP, MultiArith",mixed upstream terms; see docs/THIRD_PARTY.md
data/processed/id/qwen25_14b/math/strict_pairs.jsonl,4740,5265618,e9c7649c3c0e0e01965fccc2e7e17cc444a5c78591526b1f8add1e940b9db03a,"Math mixture: DeepScaleR, GSM8K, ASDiv, SVAMP, MultiArith",mixed upstream terms; see docs/THIRD_PARTY.md
data/processed/id/qwen25_14b/math/summary.json,,127,ac7cdbc6b503f55cc4fb50488ed50521ced4bc342e6a84d9c2ab51a793276cd2,"Math mixture: DeepScaleR, GSM8K, ASDiv, SVAMP, MultiArith",mixed upstream terms; see docs/THIRD_PARTY.md
data/processed/id/qwen25_14b/movies/all_pairs.jsonl,3532,1723853,5317c95c2291c0beafcd5b76230366b240346c78666228cd2538e15af8d5276f,Movies QA from LLMs Know More Than They Show,MIT upstream repository; derived model responses
data/processed/id/qwen25_14b/movies/strict_pairs.jsonl,3320,1704985,ff7e6c28de6756c4ab1eba11e9431da922f957a0c67ecb974a63facbbf545787,Movies QA from LLMs Know More Than They Show,MIT upstream repository; derived model responses
data/processed/id/qwen25_14b/movies/summary.json,,127,3266b507c763d576440878db619640a87dc86ccba52a1ce7417df7b76deffae1,Movies QA from LLMs Know More Than They Show,MIT upstream repository; derived model responses
data/processed/id/qwen25_7b/math/all_pairs.jsonl,5406,5637086,9f2f48d3d73779daa51bfd405d4d1551f204d1835fca0c483f85e9cde495ecf1,"Math mixture: DeepScaleR, GSM8K, ASDiv, SVAMP, MultiArith",mixed upstream terms; see docs/THIRD_PARTY.md
data/processed/id/qwen25_7b/math/strict_pairs.jsonl,4614,4933634,43df78f70ea75e9b0bbe29fe6c6cbba0f2f46094bddb31acbbe61c21b4011e69,"Math mixture: DeepScaleR, GSM8K, ASDiv, SVAMP, MultiArith",mixed upstream terms; see docs/THIRD_PARTY.md
data/processed/id/qwen25_7b/math/summary.json,,127,49ae654d89a356234261eae4c4d0ed8d437ee261c7611bb7fd207f6b1d53f7c5,"Math mixture: DeepScaleR, GSM8K, ASDiv, SVAMP, MultiArith",mixed upstream terms; see docs/THIRD_PARTY.md
data/processed/id/qwen25_7b/movies/all_pairs.jsonl,2202,1090965,f5dcb077d6aa48a5750ef32a820ef09e60a364cad9343ca0d4c59e5b99a9cf58,Movies QA from LLMs Know More Than They Show,MIT upstream repository; derived model responses
data/processed/id/qwen25_7b/movies/strict_pairs.jsonl,1824,950465,34ce08545787355f144354aaa2686066ee0cfd65b6693dd71c9a19b8f1d54df4,Movies QA from LLMs Know More Than They Show,MIT upstream repository; derived model responses
data/processed/id/qwen25_7b/movies/summary.json,,125,3c9a1db80d79018194146a02b03a82d324a8b2f83c3719c97a0cb707ecd9ad83,Movies QA from LLMs Know More Than They Show,MIT upstream repository; derived model responses
data/processed/ood/llama31_8b/mmlu/strict_conflicts.jsonl,416,555365,4da241fd63fa640adfab81b5d26fd50fea6c8df21479379808ab9c845cf2d3c5,MMLU,MIT upstream repository; derived model judgements
data/processed/ood/llama31_8b/mmlu/summary.json,,70,41c8cd07c998974c8e6e76f653c6c335ad67dc901c8288e045a9a12367a29e45,MMLU,MIT upstream repository; derived model judgements
data/processed/ood/llama31_8b/truthfulqa_binary/strict_conflicts.jsonl,517,417456,7f7608085dc64ad10996ee7e4f492d7ebdf60ebcf30e3cf0bc54217c6d9a3579,TruthfulQA,Apache-2.0 upstream; derived model judgements
data/processed/ood/llama31_8b/truthfulqa_binary/summary.json,,70,d55e0cd87b940ce676c578f8b2cc3648ebadeb1d1dd98b5b9f0188df74271719,TruthfulQA,Apache-2.0 upstream; derived model judgements
data/processed/ood/olmo3_7b_it/mmlu/strict_conflicts.jsonl,198,220630,5464309312f13f13ce54619b2d118aff9272f05e8d20b4c065189609a2cf85a4,MMLU,MIT upstream repository; derived model judgements
data/processed/ood/olmo3_7b_it/mmlu/summary.json,,70,25f8283e50f90a2a56ce57767813a7ad76f1a868285ab64f936ad4a7d6ac5bbf,MMLU,MIT upstream repository; derived model judgements
data/processed/ood/olmo3_7b_it/truthfulqa_binary/strict_conflicts.jsonl,532,427822,cd34da27071671bfe5b545190bb26e3a5499cf34b64447ded1b315e4c1d956c7,TruthfulQA,Apache-2.0 upstream; derived model judgements
data/processed/ood/olmo3_7b_it/truthfulqa_binary/summary.json,,70,138e258e5bc7ac51c139f0bc940278567bc7d8cdb0010d85900a1489abc8b906,TruthfulQA,Apache-2.0 upstream; derived model judgements
data/processed/ood/qwen25_14b/mmlu/strict_conflicts.jsonl,244,315264,9dcd646fccf7098347ca5f0d46f02f871049560f8a6c4ed9aebda1b3c76e83c8,MMLU,MIT upstream repository; derived model judgements
data/processed/ood/qwen25_14b/mmlu/summary.json,,70,641822007a5ace0009b4c5ef61d7c5c97a8ed1c9130b9f5f847fde7d498ed5a8,MMLU,MIT upstream repository; derived model judgements
data/processed/ood/qwen25_14b/truthfulqa_binary/strict_conflicts.jsonl,431,351106,0d2888d9de3d62cc8d486d13527fdd36aa445597615749b18572009c7d6c5fc1,TruthfulQA,Apache-2.0 upstream; derived model judgements
data/processed/ood/qwen25_14b/truthfulqa_binary/summary.json,,70,6440a7947437253ce06104729334ff30a19f4a69e7d34b6e46b1be25526b1bcb,TruthfulQA,Apache-2.0 upstream; derived model judgements
data/processed/ood/qwen25_7b/mmlu/strict_conflicts.jsonl,301,383835,e258668ec21cd0579ff5f3ab20b626a9bae01a514d28caa87fff8a4019d1bac7,MMLU,MIT upstream repository; derived model judgements
data/processed/ood/qwen25_7b/mmlu/summary.json,,70,b2cce8b2c10e18147c411d72e03a426b8b4bdbf70eeae4ccf4227e53fb9458a1,MMLU,MIT upstream repository; derived model judgements
data/processed/ood/qwen25_7b/truthfulqa_binary/strict_conflicts.jsonl,548,445103,25e8588061317ff69d7b01c8f944816ddef4beb43dfe5402ac6d1f48b3fdb0f6,TruthfulQA,Apache-2.0 upstream; derived model judgements
data/processed/ood/qwen25_7b/truthfulqa_binary/summary.json,,70,c7e6b4d97798eda005d0124d15b98ef513e031130f4d958a76e64d52fa378fea,TruthfulQA,Apache-2.0 upstream; derived model judgements
data/processed/ood_counterbalanced/llama31_8b/mmlu/strict_conflicts.jsonl,467,577561,65bbbfc083b285e1d64f2efce6abb80056b62422aefa454918b999fdc77075a7,MMLU,MIT upstream repository; derived model judgements
data/processed/ood_counterbalanced/llama31_8b/mmlu/summary.json,,70,93ec2e82863679e450d1a55d71765bcd760da24f23e1764bd1f55c9056f2bf6a,MMLU,MIT upstream repository; derived model judgements
data/processed/ood_counterbalanced/llama31_8b/truthfulqa_binary/strict_conflicts.jsonl,479,392504,da651ab6cdf247a327d873ec42f0be2a8d088b48330fe24fcf82994f2bf2198c,TruthfulQA,Apache-2.0 upstream; derived model judgements
data/processed/ood_counterbalanced/llama31_8b/truthfulqa_binary/summary.json,,70,fc81a133e280783bd9d9b0a4cf070028d7a12c5fac622038ecbf4af2a2407662,TruthfulQA,Apache-2.0 upstream; derived model judgements
data/processed/ood_counterbalanced/olmo3_7b_it/mmlu/strict_conflicts.jsonl,861,1091054,ee08b0b463426314a115a82be3d1f95e77e5b844a0f9d3020e3f54b74406533d,MMLU,MIT upstream repository; derived model judgements
data/processed/ood_counterbalanced/olmo3_7b_it/mmlu/summary.json,,70,5545dd24c3e58516ed5e0b19d7766a83490e327de7e2b7ef1d37f8f6d2cf94a3,MMLU,MIT upstream repository; derived model judgements
data/processed/ood_counterbalanced/olmo3_7b_it/truthfulqa_binary/strict_conflicts.jsonl,420,345600,ba6136281918fb85895ea3081c81b7a46c03eb533867b473fd12b1ffd1a72041,TruthfulQA,Apache-2.0 upstream; derived model judgements
data/processed/ood_counterbalanced/olmo3_7b_it/truthfulqa_binary/summary.json,,70,c8a70f09795beccf63071616af4a081dfe1a82437b5be43561e54b9225ae01de,TruthfulQA,Apache-2.0 upstream; derived model judgements
data/processed/ood_counterbalanced/qwen25_14b/mmlu/strict_conflicts.jsonl,275,360348,4b88422b62d001fba18e216dced17aa055075c7362c51252bcb2e2821a6d14a5,MMLU,MIT upstream repository; derived model judgements
data/processed/ood_counterbalanced/qwen25_14b/mmlu/summary.json,,70,3b5e00080bfb80094d2717a75485fdbdbe33529224533244b0c931882b139740,MMLU,MIT upstream repository; derived model judgements
data/processed/ood_counterbalanced/qwen25_14b/truthfulqa_binary/strict_conflicts.jsonl,364,301996,9574b58ad61ef492c0b13eec7aef819eaa0148b7d06ad825d50201a0627b8008,TruthfulQA,Apache-2.0 upstream; derived model judgements
data/processed/ood_counterbalanced/qwen25_14b/truthfulqa_binary/summary.json,,70,9a93c03e7211a5c02a802d1e3761f6d5a7e65cb8b39cec555850330beb210484,TruthfulQA,Apache-2.0 upstream; derived model judgements
data/processed/ood_counterbalanced/qwen25_7b/mmlu/strict_conflicts.jsonl,292,375151,c309d3f34e7ae2b4cb3ffee6a68de0968979d05a1d8ea90402f6881712638808,MMLU,MIT upstream repository; derived model judgements
data/processed/ood_counterbalanced/qwen25_7b/mmlu/summary.json,,70,9629ed764b877fa5efc9dcae0d1a59d92b2af289640d75c9c2f6acfb0c4b8a0f,MMLU,MIT upstream repository; derived model judgements
data/processed/ood_counterbalanced/qwen25_7b/truthfulqa_binary/strict_conflicts.jsonl,588,484951,5dbd990437e4b719db50c0e9614e4f4989edef1b1848690cae200ca800aefa16,TruthfulQA,Apache-2.0 upstream; derived model judgements
data/processed/ood_counterbalanced/qwen25_7b/truthfulqa_binary/summary.json,,70,2c423636578fe2d94199d4ef05d38b2f8379e77723a29dfd75a3d76b471d3d01,TruthfulQA,Apache-2.0 upstream; derived model judgements
data/processed/robustness/movies_multireference_question_ids.txt,159,2703,db6765b094ab3035ef0c959f268adb6c1cc1feb6709ed4ba5f2aa3021abdd352,Movies QA from LLMs Know More Than They Show,MIT upstream repository; stable prompt hashes only
data/processed/robustness/qwen25_7b_r2/math/all_pairs.jsonl,5406,5630008,741fa839d1050fb41b067bf377c6122941d8e1055482bc4642163c1da5d85fce,"Math mixture: DeepScaleR, GSM8K, ASDiv, SVAMP, MultiArith",mixed upstream terms; see docs/THIRD_PARTY.md
data/processed/robustness/qwen25_7b_r2/math/strict_pairs.jsonl,4578,4877514,07a34c1bb90729a8d2063e6f1de5f15f2f0234ab1b806d09c77167946e13fe8c,"Math mixture: DeepScaleR, GSM8K, ASDiv, SVAMP, MultiArith",mixed upstream terms; see docs/THIRD_PARTY.md
data/processed/robustness/qwen25_7b_r2/math/summary.json,,127,fba5297dc2386fe73112612cdb8dfe5116ff5d3f4c740822708e8f74892f7bd0,"Math mixture: DeepScaleR, GSM8K, ASDiv, SVAMP, MultiArith",mixed upstream terms; see docs/THIRD_PARTY.md
data/processed/robustness/qwen25_7b_r2/movies/all_pairs.jsonl,2202,1090618,22e863762f7a706b21986abd904e1d40a996de739a2a449f88b57710ffa218c1,Movies QA from LLMs Know More Than They Show,MIT upstream repository; derived model responses
data/processed/robustness/qwen25_7b_r2/movies/strict_pairs.jsonl,1814,945074,dc007784e9af6487d5293ef805a7b5afe87cdae8f908e2564fc7890798ed1de8,Movies QA from LLMs Know More Than They Show,MIT upstream repository; derived model responses
data/processed/robustness/qwen25_7b_r2/movies/summary.json,,125,f0b12478fd889ff5669d36aefb8bc20472f6c8819d1ddac90990c1eb9271eb27,Movies QA from LLMs Know More Than They Show,MIT upstream repository; derived model responses
